SUPPLIER_NAME,SUPPLIER_TYPE,Address,COUNTRY,CITY,EMAIL_PATTERN,PHONE,WEBSITE,CONTACT PERSON,CONTACT_POSITION,SPECIALTIES,CATEGORY,PRODUCT,ORIGIN,Technical Specification,SUPPLIER_CAPACITY,CERTIFICATIONS,LOADING_PORT,DISCHARGE PORT,INCOTERMS,PAYMENT_TERMS,NOTES AFTER EXCHANGES,TARGET_PRICE_HINT,MOQ,PACKAGING,PRIORITY
5 Pillars Global Exporters Limited,Supplier,"No. 21, Vatterm Street, Off Amazon Street, Maitama, FCT Abuja, Nigeria",Abuja,Nigeria,amanda@5pillarsglobalexporters.ltd /5pillarsglobalexporters@gmail.com, +234 806 594 6626 / +234 818 485 5700,https://www.5pillarsglobalexporters.ltd/,Amanda,,"Specializes in international trade, directly connecting local agricultural producers and raw material suppliers with international buyers, with guaranteed inspection and loading at the port of Lagos.",Plant / Spice / Botanical,Hibiscus Flower (Hibiscus Sabdariffa)Premium Grade A – Whole Dark Red,Nigeria,"Moisture ≤5%; purity ≥99%; foreign matter ≤1%; deep ruby red color; broken pieces ≤3%; sun-dried, insect-free.",500 MT/mois,SGS / Bureau Veritas; NEPC exporter license RE 0044122; CAC RC 9571925; ICC Nigeria member,Lagos Port,,FOB / CFR / CIF ,50–70% advance depending on the product,,,20 MT (1×40ft FCL),25 kg / 50 kg PP bags or custom vacuum packaging,
5 Pillars Global Exporters Limited,Supplier,"No. 21, Vatterm Street, Off Amazon Street, Maitama, FCT Abuja, Nigeria",Abuja,Nigeria,amanda@5pillarsglobalexporters.ltd /5pillarsglobalexporters@gmail.com, +234 806 594 6626 / +234 818 485 5700,https://www.5pillarsglobalexporters.ltd/,Amanda,,"Specializes in international trade, directly connecting local agricultural producers and raw material suppliers with international buyers, with guaranteed inspection and loading at the port of Lagos.",Plant / Spice / Botanical,Hibiscus Flower (Hibiscus Sabdariffa)Standard Grade B – Split Flowers,Nigeria,"Moisture ≤5%; purity ≥99%; foreign matter ≤1%; deep ruby red color; broken pieces ≤3%; sun-dried, insect-free.",500 MT/mois,SGS / Bureau Veritas; NEPC exporter license RE 0044122; CAC RC 9571925; ICC Nigeria member,Lagos Port,,FOB / CFR / CIF ,50–70% advance depending on the product,,,20 MT (1×40ft FCL),25 kg / 50 kg PP bags or custom vacuum packaging,
5 Pillars Global Exporters Limited,Supplier,"No. 21, Vatterm Street, Off Amazon Street, Maitama, FCT Abuja, Nigeria",Abuja,Nigeria,amanda@5pillarsglobalexporters.ltd /5pillarsglobalexporters@gmail.com, +234 806 594 6626 / +234 818 485 5700,https://www.5pillarsglobalexporters.ltd/,Amanda,,"Specializes in international trade, directly connecting local agricultural producers and raw material suppliers with international buyers, with guaranteed inspection and loading at the port of Lagos.",Oilseeds / Seeds,Sesame Seeds (Benne Seed) Machine Cleaned Natural White,Nigeria,Purity ≥99%; moisture ≤8%; oil content 48–52%; admixture ≤1%; FFA ≤1.5%; natural white / light honey color.,1 500 MT/mois,SGS / Bureau Veritas; NEPC exporter license RE 0044122; CAC RC 9571925; ICC Nigeria member,Lagos Port,,FOB / CFR / CIF ,50–70% advance depending on the product,,,20 MT (20ft container),50 kg woven PP bags,
5 Pillars Global Exporters Limited,Supplier,"No. 21, Vatterm Street, Off Amazon Street, Maitama, FCT Abuja, Nigeria",Abuja,Nigeria,amanda@5pillarsglobalexporters.ltd /5pillarsglobalexporters@gmail.com, +234 806 594 6626 / +234 818 485 5700,https://www.5pillarsglobalexporters.ltd/,Amanda,,"Specializes in international trade, directly connecting local agricultural producers and raw material suppliers with international buyers, with guaranteed inspection and loading at the port of Lagos.",Oilseeds / Seeds,Sesame Seeds (Benne Seed)Hulled Sesame Seeds,Nigeria,Purity ≥99%; moisture ≤8%; oil content 48–52%; admixture ≤1%; FFA ≤1.5%; natural white / light honey color.,1 500 MT/mois,SGS / Bureau Veritas; NEPC exporter license RE 0044122; CAC RC 9571925; ICC Nigeria member,Lagos Port,,FOB / CFR / CIF ,50–70% advance depending on the product,,,20 MT (20ft container),50 kg woven PP bags,
5 Pillars Global Exporters Limited,Supplier,"No. 21, Vatterm Street, Off Amazon Street, Maitama, FCT Abuja, Nigeria",Abuja,Nigeria,amanda@5pillarsglobalexporters.ltd /5pillarsglobalexporters@gmail.com, +234 806 594 6626 / +234 818 485 5700,https://www.5pillarsglobalexporters.ltd/,Amanda,,"Specializes in international trade, directly connecting local agricultural producers and raw material suppliers with international buyers, with guaranteed inspection and loading at the port of Lagos.",Oilseeds / Seeds,Sesame Seeds (Benne Seed) Raw Natural Kano Grade,Nigeria,Purity ≥99%; moisture ≤8%; oil content 48–52%; admixture ≤1%; FFA ≤1.5%; natural white / light honey color.,1 500 MT/mois,SGS / Bureau Veritas; NEPC exporter license RE 0044122; CAC RC 9571925; ICC Nigeria member,Lagos Port,,FOB / CFR / CIF ,50–70% advance depending on the product,,,20 MT (20ft container),50 kg woven PP bags,
5 Pillars Global Exporters Limited,Supplier,"No. 21, Vatterm Street, Off Amazon Street, Maitama, FCT Abuja, Nigeria",Abuja,Nigeria,amanda@5pillarsglobalexporters.ltd /5pillarsglobalexporters@gmail.com, +234 806 594 6626 / +234 818 485 5700,https://www.5pillarsglobalexporters.ltd/,Amanda,,"Specializes in international trade, directly connecting local agricultural producers and raw material suppliers with international buyers, with guaranteed inspection and loading at the port of Lagos.",Vegetable Oil,Palm Oil Premium Grade Crude Palm Oil (CPO),Nigeria,FFA ≤5%; moisture & impurities ≤0.25%; deep red / golden amber color; iodine value 50–55 min; melting point 33–39°C.,1 000 MT/mois,SGS / Bureau Veritas; NEPC exporter license RE 0044122; CAC RC 9571925; ICC Nigeria member,Lagos Port,,FOB / CFR / CIF ,50–70% advance depending on the product,,,20 MT,"25 L jerrycans, 200 L steel drums or flexitanks (20 MT)",
5 Pillars Global Exporters Limited,Supplier,"No. 21, Vatterm Street, Off Amazon Street, Maitama, FCT Abuja, Nigeria",Abuja,Nigeria,amanda@5pillarsglobalexporters.ltd /5pillarsglobalexporters@gmail.com, +234 806 594 6626 / +234 818 485 5700,https://www.5pillarsglobalexporters.ltd/,Amanda,,"Specializes in international trade, directly connecting local agricultural producers and raw material suppliers with international buyers, with guaranteed inspection and loading at the port of Lagos.",Vegetable Oil,Palm Oil Industrial Refined Grade,Nigeria,FFA ≤5%; moisture & impurities ≤0.25%; deep red / golden amber color; iodine value 50–55 min; melting point 33–39°C.,1 000 MT/mois,SGS / Bureau Veritas; NEPC exporter license RE 0044122; CAC RC 9571925; ICC Nigeria member,Lagos Port,,FOB / CFR / CIF ,50–70% advance depending on the product,,,20 MT,"25 L jerrycans, 200 L steel drums or flexitanks (20 MT)",
5 Pillars Global Exporters Limited,Supplier,"No. 21, Vatterm Street, Off Amazon Street, Maitama, FCT Abuja, Nigeria",Abuja,Nigeria,amanda@5pillarsglobalexporters.ltd /5pillarsglobalexporters@gmail.com, +234 806 594 6626 / +234 818 485 5700,https://www.5pillarsglobalexporters.ltd/,Amanda,,"Specializes in international trade, directly connecting local agricultural producers and raw material suppliers with international buyers, with guaranteed inspection and loading at the port of Lagos.",Biomass / Industrial Fuel,Palm Kernel Shell (PKS) Palm Kernel Shell – 5–40 mm,Nigeria,"Moisture ≤15%; size 5–40 mm; calorific value 4,000–4,400 kcal/kg; ash ≤3%; sulfur ≤0.08%.",5 000 MT/mois,SGS / Bureau Veritas; NEPC exporter license RE 0044122; CAC RC 9571925; ICC Nigeria member,Lagos Port,,FOB / CFR / CIF ,50–70% advance depending on the product,,,100 MT,"Bulk vessel cargo or 1,000 kg jumbo bags",
5 Pillars Global Exporters Limited,Supplier,"No. 21, Vatterm Street, Off Amazon Street, Maitama, FCT Abuja, Nigeria",Abuja,Nigeria,amanda@5pillarsglobalexporters.ltd /5pillarsglobalexporters@gmail.com, +234 806 594 6626 / +234 818 485 5700,https://www.5pillarsglobalexporters.ltd/,Amanda,,"Specializes in international trade, directly connecting local agricultural producers and raw material suppliers with international buyers, with guaranteed inspection and loading at the port of Lagos.",Spice / Root,Ginger Dried Split Ginger,Nigeria,For dried ginger: moisture ≤10%; oil content 2.0–2.5% min; extraneous matter ≤1%; gingerol/pungency high grade; purity ≥98%.,800 MT/mois,SGS / Bureau Veritas; NEPC exporter license RE 0044122; CAC RC 9571925; ICC Nigeria member,Lagos Port,,FOB / CFR / CIF ,50–70% advance depending on the product,,,20 MT,"40 kg / 50 kg mesh, jute or PP bags",
5 Pillars Global Exporters Limited,Supplier,"No. 21, Vatterm Street, Off Amazon Street, Maitama, FCT Abuja, Nigeria",Abuja,Nigeria,amanda@5pillarsglobalexporters.ltd /5pillarsglobalexporters@gmail.com, +234 806 594 6626 / +234 818 485 5700,https://www.5pillarsglobalexporters.ltd/,Amanda,,"Specializes in international trade, directly connecting local agricultural producers and raw material suppliers with international buyers, with guaranteed inspection and loading at the port of Lagos.",Spice / Root,Ginger Fresh Whole Ginger Roots,Nigeria,For dried ginger: moisture ≤10%; oil content 2.0–2.5% min; extraneous matter ≤1%; gingerol/pungency high grade; purity ≥98%.,800 MT/mois,SGS / Bureau Veritas; NEPC exporter license RE 0044122; CAC RC 9571925; ICC Nigeria member,Lagos Port,,FOB / CFR / CIF ,50–70% advance depending on the product,,,20 MT,"40 kg / 50 kg mesh, jute or PP bags",
5 Pillars Global Exporters Limited,Supplier,"No. 21, Vatterm Street, Off Amazon Street, Maitama, FCT Abuja, Nigeria",Abuja,Nigeria,amanda@5pillarsglobalexporters.ltd /5pillarsglobalexporters@gmail.com, +234 806 594 6626 / +234 818 485 5700,https://www.5pillarsglobalexporters.ltd/,Amanda,,"Specializes in international trade, directly connecting local agricultural producers and raw material suppliers with international buyers, with guaranteed inspection and loading at the port of Lagos.",Spice / Root,Ginger Ginger Powder,Nigeria,For dried ginger: moisture ≤10%; oil content 2.0–2.5% min; extraneous matter ≤1%; gingerol/pungency high grade; purity ≥98%.,800 MT/mois,SGS / Bureau Veritas; NEPC exporter license RE 0044122; CAC RC 9571925; ICC Nigeria member,Lagos Port,,FOB / CFR / CIF ,50–70% advance depending on the product,,,20 MT,"40 kg / 50 kg mesh, jute or PP bags",
5 Pillars Global Exporters Limited,Supplier,"No. 21, Vatterm Street, Off Amazon Street, Maitama, FCT Abuja, Nigeria",Abuja,Nigeria,amanda@5pillarsglobalexporters.ltd /5pillarsglobalexporters@gmail.com, +234 806 594 6626 / +234 818 485 5700,https://www.5pillarsglobalexporters.ltd/,Amanda,,"Specializes in international trade, directly connecting local agricultural producers and raw material suppliers with international buyers, with guaranteed inspection and loading at the port of Lagos.",Root / Starch,Cassava Chips & Industrial Flour High-Starch Dried Cassava Chips,Nigeria,Starch ≥70%; moisture ≤12%; fiber ≤3.5%; cyanide ≤10 mg/kg; clean white / light cream color.,1 200 MT/mois,SGS / Bureau Veritas; NEPC exporter license RE 0044122; CAC RC 9571925; ICC Nigeria member,Lagos Port,,FOB / CFR / CIF ,50–70% advance depending on the product,,,20 MT,50 kg woven PP bags / bulk bags,
5 Pillars Global Exporters Limited,Supplier,"No. 21, Vatterm Street, Off Amazon Street, Maitama, FCT Abuja, Nigeria",Abuja,Nigeria,amanda@5pillarsglobalexporters.ltd /5pillarsglobalexporters@gmail.com, +234 806 594 6626 / +234 818 485 5700,https://www.5pillarsglobalexporters.ltd/,Amanda,,"Specializes in international trade, directly connecting local agricultural producers and raw material suppliers with international buyers, with guaranteed inspection and loading at the port of Lagos.",Root / Starch,Cassava Chips & Industrial Flour High Quality Cassava Flour (HQCF),Nigeria,Starch ≥70%; moisture ≤12%; fiber ≤3.5%; cyanide ≤10 mg/kg; clean white / light cream color.,1 200 MT/mois,SGS / Bureau Veritas; NEPC exporter license RE 0044122; CAC RC 9571925; ICC Nigeria member,Lagos Port,,FOB / CFR / CIF ,50–70% advance depending on the product,,,20 MT,50 kg woven PP bags / bulk bags,
5 Pillars Global Exporters Limited,Supplier,"No. 21, Vatterm Street, Off Amazon Street, Maitama, FCT Abuja, Nigeria",Abuja,Nigeria,amanda@5pillarsglobalexporters.ltd /5pillarsglobalexporters@gmail.com, +234 806 594 6626 / +234 818 485 5700,https://www.5pillarsglobalexporters.ltd/,Amanda,,"Specializes in international trade, directly connecting local agricultural producers and raw material suppliers with international buyers, with guaranteed inspection and loading at the port of Lagos.",Oilseeds / Legume,Non-GMO Soybeans Golden Non-GMO Soybeans,Nigeria,Protein ≥38%; moisture ≤11%; oil content 18–20%; broken/damaged kernels ≤2%; foreign matter ≤1%; 100% verified Non-GMO status.,1 500 MT/mois,SGS / Bureau Veritas; NEPC exporter license RE 0044122; CAC RC 9571925; ICC Nigeria member,Lagos Port,,FOB / CFR / CIF ,50–70% advance depending on the product,,,20 MT,50 kg PP bags / bulk container bags,
5 Pillars Global Exporters Limited,Supplier,"No. 21, Vatterm Street, Off Amazon Street, Maitama, FCT Abuja, Nigeria",Abuja,Nigeria,amanda@5pillarsglobalexporters.ltd /5pillarsglobalexporters@gmail.com, +234 806 594 6626 / +234 818 485 5700,https://www.5pillarsglobalexporters.ltd/,Amanda,,"Specializes in international trade, directly connecting local agricultural producers and raw material suppliers with international buyers, with guaranteed inspection and loading at the port of Lagos.",Bean / Cocoa,Cocoa Beans Fully Fermented Cocoa Beans,Nigeria,95–105 beans/100 g; moisture ≤7.5%; moldy beans ≤3%; slaty ≤3%; insect damage ≤2%; fermentation ≥80%.,600 MT/mois,SGS / Bureau Veritas; NEPC exporter license RE 0044122; CAC RC 9571925; ICC Nigeria member,Lagos Port,,FOB / CFR / CIF ,50–70% advance depending on the product,,,20 MT,Natural jute bags 65 / 70 kg,
5 Pillars Global Exporters Limited,Supplier,"No. 21, Vatterm Street, Off Amazon Street, Maitama, FCT Abuja, Nigeria",Abuja,Nigeria,amanda@5pillarsglobalexporters.ltd /5pillarsglobalexporters@gmail.com, +234 806 594 6626 / +234 818 485 5700,https://www.5pillarsglobalexporters.ltd/,Amanda,,"Specializes in international trade, directly connecting local agricultural producers and raw material suppliers with international buyers, with guaranteed inspection and loading at the port of Lagos.",Vegetable Butter / Nut,Shea Nuts & Unrefined Shea Butter Raw Unrefined Grade A Ivory – Shea Butter,Nigeria,FFA ≤2.5%; moisture ≤0.05% butter / ≤8% nuts; nut oil 45–50%; ivory/cream color; purity 100% unrefined organic.,400 MT/mois,SGS / Bureau Veritas; NEPC exporter license RE 0044122; CAC RC 9571925; ICC Nigeria member,Lagos Port,,FOB / CFR / CIF ,50–70% advance depending on the product,,,20 MT,Butter: 25 kg cartons / plastic tubs; nuts: 50 kg PP bags,
5 Pillars Global Exporters Limited,Supplier,"No. 21, Vatterm Street, Off Amazon Street, Maitama, FCT Abuja, Nigeria",Abuja,Nigeria,amanda@5pillarsglobalexporters.ltd /5pillarsglobalexporters@gmail.com, +234 806 594 6626 / +234 818 485 5700,https://www.5pillarsglobalexporters.ltd/,Amanda,,"Specializes in international trade, directly connecting local agricultural producers and raw material suppliers with international buyers, with guaranteed inspection and loading at the port of Lagos.",Vegetable Butter / Nut,Shea Nuts & Unrefined Shea Butter Export Certified Dry Shea Nuts,Nigeria,FFA ≤2.5%; moisture ≤0.05% butter / ≤8% nuts; nut oil 45–50%; ivory/cream color; purity 100% unrefined organic.,400 MT/mois,SGS / Bureau Veritas; NEPC exporter license RE 0044122; CAC RC 9571925; ICC Nigeria member,Lagos Port,,FOB / CFR / CIF ,50–70% advance depending on the product,,,20 MT,Butter: 25 kg cartons / plastic tubs; nuts: 50 kg PP bags,
5 Pillars Global Exporters Limited,Supplier,"No. 21, Vatterm Street, Off Amazon Street, Maitama, FCT Abuja, Nigeria",Abuja,Nigeria,amanda@5pillarsglobalexporters.ltd /5pillarsglobalexporters@gmail.com, +234 806 594 6626 / +234 818 485 5700,https://www.5pillarsglobalexporters.ltd/,Amanda,,"Specializes in international trade, directly connecting local agricultural producers and raw material suppliers with international buyers, with guaranteed inspection and loading at the port of Lagos.",Coffee,Coffee Beans Robusta,Nigeria,Moisture 11–12.5%; grade 1 export; screen size 15–18; foreign matter ≤0.5%.,300 MT/mois,SGS / Bureau Veritas; NEPC exporter license RE 0044122; CAC RC 9571925; ICC Nigeria member,Lagos Port,,FOB / CFR / CIF ,50–70% advance depending on the product,,,20 MT,Traditional jute bags 60 kg,
5 Pillars Global Exporters Limited,Supplier,"No. 21, Vatterm Street, Off Amazon Street, Maitama, FCT Abuja, Nigeria",Abuja,Nigeria,amanda@5pillarsglobalexporters.ltd /5pillarsglobalexporters@gmail.com, +234 806 594 6626 / +234 818 485 5700,https://www.5pillarsglobalexporters.ltd/,Amanda,,"Specializes in international trade, directly connecting local agricultural producers and raw material suppliers with international buyers, with guaranteed inspection and loading at the port of Lagos.",Coffee,Coffee Beans Arabica,Nigeria,Moisture 11–12.5%; grade 1 export; screen size 15–18; foreign matter ≤0.5%.,300 MT/mois,SGS / Bureau Veritas; NEPC exporter license RE 0044122; CAC RC 9571925; ICC Nigeria member,Lagos Port,,FOB / CFR / CIF ,50–70% advance depending on the product,,,20 MT,Traditional jute bags 60 kg,
5 Pillars Global Exporters Limited,Supplier,"No. 21, Vatterm Street, Off Amazon Street, Maitama, FCT Abuja, Nigeria",Abuja,Nigeria,amanda@5pillarsglobalexporters.ltd /5pillarsglobalexporters@gmail.com, +234 806 594 6626 / +234 818 485 5700,https://www.5pillarsglobalexporters.ltd/,Amanda,,"Specializes in international trade, directly connecting local agricultural producers and raw material suppliers with international buyers, with guaranteed inspection and loading at the port of Lagos.",Cereal,Yellow Maize,Nigeria,Moisture ≤13%; aflatoxins ≤10 ppb (EU & US compliant depending on site); foreign matter ≤1%; broken grains ≤2%; bright yellow / clean white color.,2 000 MT/mois,SGS / Bureau Veritas; NEPC exporter license RE 0044122; CAC RC 9571925; ICC Nigeria member,Lagos Port,,FOB / CFR / CIF ,50–70% advance depending on the product,,,20 MT,50 kg woven PP bags,
5 Pillars Global Exporters Limited,Supplier,"No. 21, Vatterm Street, Off Amazon Street, Maitama, FCT Abuja, Nigeria",Abuja,Nigeria,amanda@5pillarsglobalexporters.ltd /5pillarsglobalexporters@gmail.com, +234 806 594 6626 / +234 818 485 5700,https://www.5pillarsglobalexporters.ltd/,Amanda,,"Specializes in international trade, directly connecting local agricultural producers and raw material suppliers with international buyers, with guaranteed inspection and loading at the port of Lagos.",Cereal,White Maize,Nigeria,Moisture ≤13%; aflatoxins ≤10 ppb (EU & US compliant depending on site); foreign matter ≤1%; broken grains ≤2%; bright yellow / clean white color.,2 000 MT/mois,SGS / Bureau Veritas; NEPC exporter license RE 0044122; CAC RC 9571925; ICC Nigeria member,Lagos Port,,FOB / CFR / CIF ,50–70% advance depending on the product,,,20 MT,50 kg woven PP bags,
5 Pillars Global Exporters Limited,Supplier,"No. 21, Vatterm Street, Off Amazon Street, Maitama, FCT Abuja, Nigeria",Abuja,Nigeria,amanda@5pillarsglobalexporters.ltd /5pillarsglobalexporters@gmail.com, +234 806 594 6626 / +234 818 485 5700,https://www.5pillarsglobalexporters.ltd/,Amanda,,"Specializes in international trade, directly connecting local agricultural producers and raw material suppliers with international buyers, with guaranteed inspection and loading at the port of Lagos.",Cereal,Pearl Millet,Nigeria,Purity ≥99%; moisture ≤11%; admixture ≤1%; broken grains ≤1.5%.,1 000 MT/mois,SGS / Bureau Veritas; NEPC exporter license RE 0044122; CAC RC 9571925; ICC Nigeria member,Lagos Port,,FOB / CFR / CIF ,50–70% advance depending on the product,,,20 MT,50 kg woven PP bags,
5 Pillars Global Exporters Limited,Supplier,"No. 21, Vatterm Street, Off Amazon Street, Maitama, FCT Abuja, Nigeria",Abuja,Nigeria,amanda@5pillarsglobalexporters.ltd /5pillarsglobalexporters@gmail.com, +234 806 594 6626 / +234 818 485 5700,https://www.5pillarsglobalexporters.ltd/,Amanda,,"Specializes in international trade, directly connecting local agricultural producers and raw material suppliers with international buyers, with guaranteed inspection and loading at the port of Lagos.",Cereal,Finger Millet,Nigeria,Purity ≥99%; moisture ≤11%; admixture ≤1%; broken grains ≤1.5%.,1 000 MT/mois,SGS / Bureau Veritas; NEPC exporter license RE 0044122; CAC RC 9571925; ICC Nigeria member,Lagos Port,,FOB / CFR / CIF ,50–70% advance depending on the product,,,20 MT,50 kg woven PP bags,
5 Pillars Global Exporters Limited,Supplier,"No. 21, Vatterm Street, Off Amazon Street, Maitama, FCT Abuja, Nigeria",Abuja,Nigeria,amanda@5pillarsglobalexporters.ltd /5pillarsglobalexporters@gmail.com, +234 806 594 6626 / +234 818 485 5700,https://www.5pillarsglobalexporters.ltd/,Amanda,,"Specializes in international trade, directly connecting local agricultural producers and raw material suppliers with international buyers, with guaranteed inspection and loading at the port of Lagos.",Spice / Root,Dried Whole Turmeric Roots (Curcuma Longa) Whole Dried Turmeric Fingers,Nigeria,"Curcumin ≥5%; moisture ≤10%; purity ≥99%; foreign matter ≤1%; deep golden orange color; sun-dried, insect-free, Non-GMO.",500 MT/mois,SGS / Bureau Veritas; NEPC exporter license RE 0044122; CAC RC 9571925; ICC Nigeria member,Lagos Port,,FOB / CFR / CIF ,50–70% advance depending on the product,,,20 MT (20ft FCL),25 / 50 kg woven PP or jute bags,
5 Pillars Global Exporters Limited,Supplier,"No. 21, Vatterm Street, Off Amazon Street, Maitama, FCT Abuja, Nigeria",Abuja,Nigeria,amanda@5pillarsglobalexporters.ltd /5pillarsglobalexporters@gmail.com, +234 806 594 6626 / +234 818 485 5700,https://www.5pillarsglobalexporters.ltd/,Amanda,,"Specializes in international trade, directly connecting local agricultural producers and raw material suppliers with international buyers, with guaranteed inspection and loading at the port of Lagos.",Spice / Root,Dried Whole Turmeric Roots (Curcuma Longa) Split Turmeric Roots,Nigeria,"Curcumin ≥5%; moisture ≤10%; purity ≥99%; foreign matter ≤1%; deep golden orange color; sun-dried, insect-free, Non-GMO.",500 MT/mois,SGS / Bureau Veritas; NEPC exporter license RE 0044122; CAC RC 9571925; ICC Nigeria member,Lagos Port,,FOB / CFR / CIF ,50–70% advance depending on the product,,,20 MT (20ft FCL),25 / 50 kg woven PP or jute bags,
5 Pillars Global Exporters Limited,Supplier,"No. 21, Vatterm Street, Off Amazon Street, Maitama, FCT Abuja, Nigeria",Abuja,Nigeria,amanda@5pillarsglobalexporters.ltd /5pillarsglobalexporters@gmail.com, +234 806 594 6626 / +234 818 485 5700,https://www.5pillarsglobalexporters.ltd/,Amanda,,"Specializes in international trade, directly connecting local agricultural producers and raw material suppliers with international buyers, with guaranteed inspection and loading at the port of Lagos.",Spice / Root,Dried Whole Turmeric Roots (Curcuma Longa) Turmeric Powder,Nigeria,"Curcumin ≥5%; moisture ≤10%; purity ≥99%; foreign matter ≤1%; deep golden orange color; sun-dried, insect-free, Non-GMO.",500 MT/mois,SGS / Bureau Veritas; NEPC exporter license RE 0044122; CAC RC 9571925; ICC Nigeria member,Lagos Port,,FOB / CFR / CIF ,50–70% advance depending on the product,,,20 MT (20ft FCL),25 / 50 kg woven PP or jute bags,
5 Pillars Global Exporters Limited,Supplier,"No. 21, Vatterm Street, Off Amazon Street, Maitama, FCT Abuja, Nigeria",Abuja,Nigeria,amanda@5pillarsglobalexporters.ltd /5pillarsglobalexporters@gmail.com, +234 806 594 6626 / +234 818 485 5700,https://www.5pillarsglobalexporters.ltd/,Amanda,,"Specializes in international trade, directly connecting local agricultural producers and raw material suppliers with international buyers, with guaranteed inspection and loading at the port of Lagos.",Spice,Dried Whole Cloves (Syzygium Aromaticum) Hand Picked Selected (HPS) Grade A,Nigeria,"Eugenol ≥15%; moisture ≤11%; headless cloves ≤3%; foreign matter/stems ≤1%; dark red brown color; hand-picked, insect-free.",300 MT/mois,SGS / Bureau Veritas; NEPC exporter license RE 0044122; CAC RC 9571925; ICC Nigeria member,Lagos Port,,FOB / CFR / CIF ,50–70% advance depending on the product,,,20 MT (20ft FCL),25 / 50 kg woven PP or jute bags,
5 Pillars Global Exporters Limited,Supplier,"No. 21, Vatterm Street, Off Amazon Street, Maitama, FCT Abuja, Nigeria",Abuja,Nigeria,amanda@5pillarsglobalexporters.ltd /5pillarsglobalexporters@gmail.com, +234 806 594 6626 / +234 818 485 5700,https://www.5pillarsglobalexporters.ltd/,Amanda,,"Specializes in international trade, directly connecting local agricultural producers and raw material suppliers with international buyers, with guaranteed inspection and loading at the port of Lagos.",Spice,Dried Whole Cloves (Syzygium Aromaticum) Standard Whole Export Grade,Nigeria,"Eugenol ≥15%; moisture ≤11%; headless cloves ≤3%; foreign matter/stems ≤1%; dark red brown color; hand-picked, insect-free.",300 MT/mois,SGS / Bureau Veritas; NEPC exporter license RE 0044122; CAC RC 9571925; ICC Nigeria member,Lagos Port,,FOB / CFR / CIF ,50–70% advance depending on the product,,,20 MT (20ft FCL),25 / 50 kg woven PP or jute bags,
African Organics FZE ,Producer,,Emirats Arabe Uni,,africanorganics@proton.me,971542767568,https://africanorganicsfze.com/contact-us/,,,"Specializes in supplying organic products. Specializes in organic soybeans, organic soybean meal, and organic crude soybean oil.",,,,,,,,,,,,,,,
AGRIGOLD ,Supplier,"1258 Rue 161 Gbonvié, 300 m du Bd. Eyadéma le long des rails derrière le Garage Central, 14 BP 79 Lomé, Togo",Togo,Lomé,commercial@agrigold.tg, +228 70 52 37 54,https://agrigold.tg/fournisseur-de-matieres-premieres-agricoles/,,,"Supplier of quality agricultural raw materials such as soybeans, corn, cashew nuts, shea kernels, sesame seeds, rice bran, palm nuts to support the supply of your agri-food processing industry",,,,,,,,,,,,,,,
AGRO TRADING GROUP,Supplier,,Togo,Lomé,, (+228) 22 61 77 34 (+228) 91 89 42 43,https://atgtogo.com/fr/contactez-nous/,Robert Gogo,Sales Director,"Supplier of Non-GMO Soybeans, Organic Soybeans, Icumsa 45 Sugar, Parboiled Rice",Oilseeds / Legumes,Organic soybeans,Togo,Glycine max; moisture ≤10%; oil 17–20%; protein 38–42%; purity ≥98%; light yellow to golden color; tests according to ASTA/AOAC/BAM/Bergwerff.,,Declared organic product; USDA NOP and EEC 834/2007; Non-GMO guarantees; BNN pesticide requirements; non-irradiated.,,,FOB,,,,,New 50 kg PP bags or full bulk liners; 21-22 MT in a 20ft container; other options possible.,
AGRO TRADING GROUP,Supplier,,Togo,Lomé,, (+228) 22 61 77 34 (+228) 91 89 42 43,https://atgtogo.com/fr/contactez-nous/,Robert Gogo,Sales Director,"Supplier of Non-GMO Soybeans, Organic Soybeans, Icumsa 45 Sugar, Parboiled Rice",Oilseeds / Legumes,Non-GMO soybeans,Togo,Glycine max; moisture ≤10%; oil 17–20%; protein 38–42%; purity ≥98%; foreign matter ≤1%; light yellow to golden color; tests according to ASTA/AOAC/BAM/Bergwerff.,,Declared Non-GMO; compliance in particular with regulation 1829/2003; non-irradiated; destination country requirements to be met.,,,FOB,,,,,New 50 kg PP bags or full bulk liners; 21-22 MT in a 20ft container; other options possible.,
AGRO TRADING GROUP,Supplier,,Togo,Lomé,, (+228) 22 61 77 34 (+228) 91 89 42 43,https://atgtogo.com/fr/contactez-nous/,Robert Gogo,Sales Director,"Supplier of Non-GMO Soybeans, Organic Soybeans, Icumsa 45 Sugar, Parboiled Rice",Agri-food product / Sugar,Refined white sugar ICUMSA 45,Togo,ICUMSA ≤45 RBU; polarization ≥99.8%; moisture ≤0.04%; dry and homogeneous crystals; crystalline white; low moisture; fast dissolution.,,International standards announced; export documents announced.,,,FOB,,,,,25 kg / 50 kg PE-lined PP bags; big bags on request; custom branding.,
AGRO TRADING GROUP,Supplier,,Togo,Lomé,, (+228) 22 61 77 34 (+228) 91 89 42 43,https://atgtogo.com/fr/contactez-nous/,Robert Gogo,Sales Director,"Supplier of Non-GMO Soybeans, Organic Soybeans, Icumsa 45 Sugar, Parboiled Rice",Cereal / Agricultural product,Parboiled Rice,Togo,Rice partially parboiled before husking; moisture ≤14%; impurities according to international standards; firm/non-sticky grains; low broken rate according to customer specifications; golden yellow to light amber.,,International phytosanitary standards; certificate of origin; health certificate.,,,FOB,,,,,25 kg / 50 kg PP bags; big bags on request; custom branding possible.,
Alci ci,Exporter,,Côte d'Ivoire,Abidjan,service@alci-ci.com, +225 0103387980 ,https://alci-ci.com/en,,,Cocoa Supplier,,,,,,,,,,,,,,,
BroadGrain,Supplier,"20, rue Adelaide Est, bureau 900, Toronto (Ontario) M5C 2T6",Toronto,Canada,"
Pierre.Hiegel@broadgrain.com / broadgrain@broadgrain.com","   +14375611370 / +1 877 804 0070
+1 416 504 0070 ",https://broadgrain.com/about/,"
Pierre Hiegel",Trader,"Feed supplier in Canada, specializing in the marketing, supply, and processing of grains, oilseeds, pulses, specialty crops, and by-products for the food and feed markets",Food / Feed,,,,,,,,,,,,,,
BroadGrain,Supplier,"20, rue Adelaide Est, bureau 900, Toronto (Ontario) M5C 2T6",Toronto,Canada,"
Pierre.Hiegel@broadgrain.com / broadgrain@broadgrain.com","   +14375611370 / +1 877 804 0070
+1 416 504 0070 ",https://broadgrain.com/about/,"
Pierre Hiegel",Trader,"Feed supplier in Canada, specializing in the marketing, supply, and processing of grains, oilseeds, pulses, specialty crops, and by-products for the food and feed markets",Grain legumes,Whole Green Lentils,Canada,,,Conventional,,,CIF,,,,25 kg,,
BroadGrain,Supplier,"20, rue Adelaide Est, bureau 900, Toronto (Ontario) M5C 2T6",Toronto,Canada,"
Pierre.Hiegel@broadgrain.com / broadgrain@broadgrain.com","   +14375611370 / +1 877 804 0070
+1 416 504 0070 ",https://broadgrain.com/about/,"
Pierre Hiegel",Trader,"Feed supplier in Canada, specializing in the marketing, supply, and processing of grains, oilseeds, pulses, specialty crops, and by-products for the food and feed markets",Grain legumes,Whole Red Lentils,Canada,,,Conventional,,,CIF,,,,25 kg,,
BroadGrain,Supplier,"20, rue Adelaide Est, bureau 900, Toronto (Ontario) M5C 2T6",Toronto,Canada,"
Pierre.Hiegel@broadgrain.com / broadgrain@broadgrain.com","   +14375611370 / +1 877 804 0070
+1 416 504 0070 ",https://broadgrain.com/about/,"
Pierre Hiegel",Trader,"Feed supplier in Canada, specializing in the marketing, supply, and processing of grains, oilseeds, pulses, specialty crops, and by-products for the food and feed markets",Grain legumes,Laird 2,Canada,,,Conventional,,,CIF,,,,25 kg,,
BroadGrain,Supplier,"20, rue Adelaide Est, bureau 900, Toronto (Ontario) M5C 2T6",Toronto,Canada,"
Pierre.Hiegel@broadgrain.com / broadgrain@broadgrain.com","   +14375611370 / +1 877 804 0070
+1 416 504 0070 ",https://broadgrain.com/about/,"
Pierre Hiegel",Trader,"Feed supplier in Canada, specializing in the marketing, supply, and processing of grains, oilseeds, pulses, specialty crops, and by-products for the food and feed markets",Grain legumes,Eston 1,Canada,,,Conventional,,,CIF,,,,25 kg,,
BroadGrain,Supplier,"20, rue Adelaide Est, bureau 900, Toronto (Ontario) M5C 2T6",Toronto,Canada,"
Pierre.Hiegel@broadgrain.com / broadgrain@broadgrain.com","   +14375611370 / +1 877 804 0070
+1 416 504 0070 ",https://broadgrain.com/about/,"
Pierre Hiegel",Trader,"Feed supplier in Canada, specializing in the marketing, supply, and processing of grains, oilseeds, pulses, specialty crops, and by-products for the food and feed markets",Grain legumes,Crimson 2,Canada,,,Conventional,,,CIF,,,,25 kg,,
BroadGrain,Supplier,"20, rue Adelaide Est, bureau 900, Toronto (Ontario) M5C 2T6",Toronto,Canada,"
Pierre.Hiegel@broadgrain.com / broadgrain@broadgrain.com","   +14375611370 / +1 877 804 0070
+1 416 504 0070 ",https://broadgrain.com/about/,"
Pierre Hiegel",Trader,"Feed supplier in Canada, specializing in the marketing, supply, and processing of grains, oilseeds, pulses, specialty crops, and by-products for the food and feed markets",Grain legumes,Navy Beans,Canada,,,Conventional,,,CIF,,,,25 kg,,
BroadGrain,Supplier,"20, rue Adelaide Est, bureau 900, Toronto (Ontario) M5C 2T6",Toronto,Canada,"
Pierre.Hiegel@broadgrain.com / broadgrain@broadgrain.com","   +14375611370 / +1 877 804 0070
+1 416 504 0070 ",https://broadgrain.com/about/,"
Pierre Hiegel",Trader,"Feed supplier in Canada, specializing in the marketing, supply, and processing of grains, oilseeds, pulses, specialty crops, and by-products for the food and feed markets",Grain legumes,Cranberry Beans,Canada / Argentine,,,Conventional,,,CIF,,,,25 kg,,
BroadGrain,Supplier,"20, rue Adelaide Est, bureau 900, Toronto (Ontario) M5C 2T6",Toronto,Canada,"
Pierre.Hiegel@broadgrain.com / broadgrain@broadgrain.com","   +14375611370 / +1 877 804 0070
+1 416 504 0070 ",https://broadgrain.com/about/,"
Pierre Hiegel",Trader,"Feed supplier in Canada, specializing in the marketing, supply, and processing of grains, oilseeds, pulses, specialty crops, and by-products for the food and feed markets",Grain legumes,Dark Red Kidney Beans,Canada,,,Conventional,,,CIF,,,,25 kg,,
BroadGrain,Supplier,"20, rue Adelaide Est, bureau 900, Toronto (Ontario) M5C 2T6",Toronto,Canada,\nPierre.Hiegel@broadgrain.com / broadgrain@broadgrain.com,   +14375611370 / +1 877 804 0070\n+1 416 504 0070 ,https://broadgrain.com/about/,\nPierre Hiegel,Trader,"Animal feed supplier in Canada, specializing in the marketing, supply, and processing of cereals, oilseeds, legumes, specialty crops, and by-products for the food and feed markets.",Grain Legumes,Black Turtle Beans,Canada,,,Conventionnel,,,CIF,,,,,25 kg,
BroadGrain,Supplier,"20, rue Adelaide Est, bureau 900, Toronto (Ontario) M5C 2T6",Toronto,Canada,\nPierre.Hiegel@broadgrain.com / broadgrain@broadgrain.com,   +14375611370 / +1 877 804 0070\n+1 416 504 0070 ,https://broadgrain.com/about/,\nPierre Hiegel,Trader,"Animal feed supplier in Canada, specializing in the marketing, supply, and processing of cereals, oilseeds, legumes, specialty crops, and by-products for the food and feed markets.",Grain Legumes,Alubia Beans,Argentine,,,Conventionnel,,,CIF,,,,,25 kg,
BroadGrain,Supplier,"20, rue Adelaide Est, bureau 900, Toronto (Ontario) M5C 2T6",Toronto,Canada,\nPierre.Hiegel@broadgrain.com / broadgrain@broadgrain.com,   +14375611370 / +1 877 804 0070\n+1 416 504 0070 ,https://broadgrain.com/about/,\nPierre Hiegel,Trader,"Animal feed supplier in Canada, specializing in the marketing, supply, and processing of cereals, oilseeds, legumes, specialty crops, and by-products for the food and feed markets.",Grain Legumes,Kabuli Chickpeas,Canada / Argentine,,,Conventionnel,,,CIF,,,,,25 kg,
BroadGrain,Supplier,"20, rue Adelaide Est, bureau 900, Toronto (Ontario) M5C 2T6",Toronto,Canada,\nPierre.Hiegel@broadgrain.com / broadgrain@broadgrain.com,   +14375611370 / +1 877 804 0070\n+1 416 504 0070 ,https://broadgrain.com/about/,\nPierre Hiegel,Trader,"Animal feed supplier in Canada, specializing in the marketing, supply, and processing of cereals, oilseeds, legumes, specialty crops, and by-products for the food and feed markets.",Grain Legumes,Yellow Peas,Canada / Argentine,,,Conventionnel,,,CIF,,,,,25 kg,
BroadGrain,Supplier,"20, rue Adelaide Est, bureau 900, Toronto (Ontario) M5C 2T6",Toronto,Canada,\nPierre.Hiegel@broadgrain.com / broadgrain@broadgrain.com,   +14375611370 / +1 877 804 0070\n+1 416 504 0070 ,https://broadgrain.com/about/,\nPierre Hiegel,Trader,"Animal feed supplier in Canada, specializing in the marketing, supply, and processing of cereals, oilseeds, legumes, specialty crops, and by-products for the food and feed markets.",Grain Legumes,Green Peas,Canada / Argentine,,,Conventionnel,,,CIF,,,,,25 kg,
BroadGrain,Supplier,"20, rue Adelaide Est, bureau 900, Toronto (Ontario) M5C 2T6",Toronto,Canada,\nPierre.Hiegel@broadgrain.com / broadgrain@broadgrain.com,   +14375611370 / +1 877 804 0070\n+1 416 504 0070 ,https://broadgrain.com/about/,\nPierre Hiegel,Trader,"Animal feed supplier in Canada, specializing in the marketing, supply, and processing of cereals, oilseeds, legumes, specialty crops, and by-products for the food and feed markets.",Specialty Crops,Yellow Mustard Seeds,Canada,,,Conventionnel,,,CIF,,,,,25 kg,
BroadGrain,Supplier,"20, rue Adelaide Est, bureau 900, Toronto (Ontario) M5C 2T6",Toronto,Canada,\nPierre.Hiegel@broadgrain.com / broadgrain@broadgrain.com,   +14375611370 / +1 877 804 0070\n+1 416 504 0070 ,https://broadgrain.com/about/,\nPierre Hiegel,Trader,"Animal feed supplier in Canada, specializing in the marketing, supply, and processing of cereals, oilseeds, legumes, specialty crops, and by-products for the food and feed markets.",Specialty Crops,Brown Mustard Seeds,Canada,,,Conventionnel,,,CIF,,,,,25 kg,
BroadGrain,Supplier,"20, rue Adelaide Est, bureau 900, Toronto (Ontario) M5C 2T6",Toronto,Canada,\nPierre.Hiegel@broadgrain.com / broadgrain@broadgrain.com,   +14375611370 / +1 877 804 0070\n+1 416 504 0070 ,https://broadgrain.com/about/,\nPierre Hiegel,Trader,"Animal feed supplier in Canada, specializing in the marketing, supply, and processing of cereals, oilseeds, legumes, specialty crops, and by-products for the food and feed markets.",Specialty Crops,Oriental Mustard Seeds,Canada,,,Conventionnel,,,CIF,,,,,25 kg,
BroadGrain,Supplier,"20, rue Adelaide Est, bureau 900, Toronto (Ontario) M5C 2T6",Toronto,Canada,\nPierre.Hiegel@broadgrain.com / broadgrain@broadgrain.com,   +14375611370 / +1 877 804 0070\n+1 416 504 0070 ,https://broadgrain.com/about/,\nPierre Hiegel,Trader,"Animal feed supplier in Canada, specializing in the marketing, supply, and processing of cereals, oilseeds, legumes, specialty crops, and by-products for the food and feed markets.",Specialty Crops,Non-GMO Soybeans,Canada,,,Non-GMO,,,CIF,,,,,25 kg,
Four C Agricultural Limited ,Supplier/Exporter,"Kinondoni – Msasani\nDar Es Salaam, Tanzanie",Tanzanie,Dar Es Salaam,sales@fourcagricultural.com,  +255 799 623 502,https://www.fourcagricultural.com/categories.html,,,Tanzanian agricultural sourcing and export company connecting the fertile farmlands of East Africa.,Grains,White Corn,Tanzania,Tanzania; moisture 13–14% max; cleaned; food/feed grades; aflatoxin-tested; 24–28 MT/20ft.,,Certificate of Origin; Phytosanitary; Lab Analysis; Fumigation; Weight Certificate; B/L,Dar es Salaam,,FOB / CIF / CFR,,,,10 MT,25 kg / 50 kg PP bags or bulk container liner,
Four C Agricultural Limited ,Supplier/Exporter,"Kinondoni – Msasani\nDar Es Salaam, Tanzanie",Tanzanie,Dar Es Salaam,sales@fourcagricultural.com,  +255 799 623 502,https://www.fourcagricultural.com/categories.html,,,Tanzanian agricultural sourcing and export company connecting the fertile farmlands of East Africa.,Grains,Yellow Corn,Tanzania,Tanzania; moisture 13–14% max; predominantly non-GMO origin claimed; food/feed; aflatoxin-tested.,,Certificate of Origin; Phytosanitary; Lab Analysis; Fumigation; Weight Certificate; B/L,Dar es Salaam,,FOB / CIF / CFR,,,,10 MT,25 kg / 50 kg PP bags or bulk container liner,
Four C Agricultural Limited ,Supplier/Exporter,"Kinondoni – Msasani\nDar Es Salaam, Tanzanie",Tanzanie,Dar Es Salaam,sales@fourcagricultural.com,  +255 799 623 502,https://www.fourcagricultural.com/categories.html,,,Tanzanian agricultural sourcing and export company connecting the fertile farmlands of East Africa.,Legumes & Pulses,Black-Eyed Peas,Tanzania,"Cleaned, graded, export-packed; detailed numerical specs to confirm.",,Certificate of Origin; Phytosanitary; Lab Analysis; Fumigation; Weight Certificate; B/L,Dar es Salaam,,FOB / CIF / CFR,,,,10 MT,25 kg / 50 kg PP bags or bulk container liner,
Four C Agricultural Limited ,Supplier/Exporter,"Kinondoni – Msasani\nDar Es Salaam, Tanzanie",Tanzanie,Dar Es Salaam,sales@fourcagricultural.com,  +255 799 623 502,https://www.fourcagricultural.com/categories.html,,,Tanzanian agricultural sourcing and export company connecting the fertile farmlands of East Africa.,Legumes & Pulses,Chickpeas,Tanzania,"Desi and Kabuli; cleaned, size-graded, moisture-controlled.",,Certificate of Origin; Phytosanitary; Lab Analysis; Fumigation; Weight Certificate; B/L,Dar es Salaam,,FOB / CIF / CFR,,,,10 MT,25 kg / 50 kg PP bags or bulk container liner,
Four C Agricultural Limited ,Supplier/Exporter,"Kinondoni – Msasani\nDar Es Salaam, Tanzanie",Tanzanie,Dar Es Salaam,sales@fourcagricultural.com,  +255 799 623 502,https://www.fourcagricultural.com/categories.html,,,Tanzanian agricultural sourcing and export company connecting the fertile farmlands of East Africa.,Legumes & Pulses,Green Mung Beans,Tanzania,Moisture 12–13% max; purity 98–99.5%; cleaned/sorted.,,Certificate of Origin; Phytosanitary; Lab Analysis; Fumigation; Weight Certificate; B/L,Dar es Salaam,,FOB / CIF / CFR,,,,10 MT,25 kg / 50 kg PP bags or bulk container liner,
Four C Agricultural Limited ,Supplier/Exporter,"Kinondoni – Msasani\nDar Es Salaam, Tanzanie",Tanzanie,Dar Es Salaam,sales@fourcagricultural.com,  +255 799 623 502,https://www.fourcagricultural.com/categories.html,,,Tanzanian agricultural sourcing and export company connecting the fertile farmlands of East Africa.,Legumes & Pulses,Green Peas,Tanzania,Moisture 12% max; purity min 99%; cleaned and graded.,,Certificate of Origin; Phytosanitary; Lab Analysis; Fumigation; Weight Certificate; B/L,Dar es Salaam,,FOB / CIF / CFR,,,,10 MT,25 kg / 50 kg PP bags or bulk container liner,
Four C Agricultural Limited ,Supplier/Exporter,"Kinondoni – Msasani
Dar Es Salaam, Tanzanie",Tanzanie,Dar Es Salaam,sales@fourcagricultural.com,  +255 799 623 502,https://www.fourcagricultural.com/categories.html,,,Tanzanian agricultural sourcing and export company connecting the fertile farmlands of East Africa,Legumes & Pulses,Kidney Beans,Tanzania,Moisture 13% max; purity 98–99%; FM 0.5–1% max; broken 2–5%; admixture 1%.,,Certificate of Origin; Phytosanitary; Lab Analysis; Fumigation; Weight Certificate; B/L,Dar es Salaam,,FOB / CIF / CFR,,,,10 MT,25 kg / 50 kg PP bags or bulk container liner,
Four C Agricultural Limited ,Supplier/Exporter,"Kinondoni – Msasani
Dar Es Salaam, Tanzanie",Tanzanie,Dar Es Salaam,sales@fourcagricultural.com,  +255 799 623 502,https://www.fourcagricultural.com/categories.html,,,Tanzanian agricultural sourcing and export company connecting the fertile farmlands of East Africa,Legumes & Pulses,Lentils,Tanzania,Moisture 13% max; purity 98–99%; FM 0.5–1% max; broken 2–5%; admixture 1%.,,Certificate of Origin; Phytosanitary; Lab Analysis; Fumigation; Weight Certificate; B/L,Dar es Salaam,,FOB / CIF / CFR,,,,10 MT,25 kg / 50 kg PP bags or bulk container liner,
Four C Agricultural Limited ,Supplier/Exporter,"Kinondoni – Msasani
Dar Es Salaam, Tanzanie",Tanzanie,Dar Es Salaam,sales@fourcagricultural.com,  +255 799 623 502,https://www.fourcagricultural.com/categories.html,,,Tanzanian agricultural sourcing and export company connecting the fertile farmlands of East Africa,Legumes & Pulses,Pinto Beans,Tanzania,Moisture 13% max; purity 98–99%; cleaned and graded.,,Certificate of Origin; Phytosanitary; Lab Analysis; Fumigation; Weight Certificate; B/L,Dar es Salaam,,FOB / CIF / CFR,,,,10 MT,25 kg / 50 kg PP bags or bulk container liner,
Four C Agricultural Limited ,Supplier/Exporter,"Kinondoni – Msasani
Dar Es Salaam, Tanzanie",Tanzanie,Dar Es Salaam,sales@fourcagricultural.com,  +255 799 623 502,https://www.fourcagricultural.com/categories.html,,,Tanzanian agricultural sourcing and export company connecting the fertile farmlands of East Africa,Legumes & Pulses,Soybeans,Tanzania,Moisture 12–13% max; purity 98–99%; FM 0.5–1%; broken 2–5%; admixture 1%; oil/protein vary by variety.,,Certificate of Origin; Phytosanitary; Lab Analysis; Fumigation; Weight Certificate; B/L,Dar es Salaam,,FOB / CIF / CFR,,,,10 MT; trials welcome,25 kg / 50 kg PP bags or bulk container liner,
Four C Agricultural Limited ,Supplier/Exporter,"Kinondoni – Msasani
Dar Es Salaam, Tanzanie",Tanzanie,Dar Es Salaam,sales@fourcagricultural.com,  +255 799 623 502,https://www.fourcagricultural.com/categories.html,,,Tanzanian agricultural sourcing and export company connecting the fertile farmlands of East Africa,Nuts,Raw Cashew Nuts,Tanzania,Tanzania; export-grade RCN; grade parameters to confirm.,,Certificate of Origin; Phytosanitary; Lab Analysis; Fumigation; Weight Certificate; B/L,Dar es Salaam,,FOB / CIF / CFR,,,,10 MT,25 kg / 50 kg PP bags or bulk container liner,
Four C Agricultural Limited ,Supplier/Exporter,"Kinondoni – Msasani
Dar Es Salaam, Tanzanie",Tanzanie,Dar Es Salaam,sales@fourcagricultural.com,  +255 799 623 502,https://www.fourcagricultural.com/categories.html,,,Tanzanian agricultural sourcing and export company connecting the fertile farmlands of East Africa,Nuts,Groundnuts,Tanzania,Moisture 8–10% max; purity 98–99%; FM 0.5–1%; admixture 1%; aflatoxin testing.,,Certificate of Origin; Phytosanitary; Lab Analysis; Fumigation; Weight Certificate; B/L,Dar es Salaam,,FOB / CIF / CFR,,,,10 MT,25 kg / 50 kg PP bags or bulk container liner,
Four C Agricultural Limited ,Supplier/Exporter,"Kinondoni – Msasani
Dar Es Salaam, Tanzanie",Tanzanie,Dar Es Salaam,sales@fourcagricultural.com,  +255 799 623 502,https://www.fourcagricultural.com/categories.html,,,Tanzanian agricultural sourcing and export company connecting the fertile farmlands of East Africa,Nuts,W180 Cashew Kernels,Tanzania,W180; approx. 170–180 kernels/lb; whole kernel; food-grade.,,Certificate of Origin; Phytosanitary; Lab Analysis; Fumigation; Weight Certificate; B/L,Dar es Salaam,,FOB / CIF / CFR,,,,1x20ft typically; 9–12 MT,Vacuum-packed tins / Pouches in cartons / Food-grade export cartons,
Four C Agricultural Limited ,Supplier/Exporter,"Kinondoni – Msasani
Dar Es Salaam, Tanzanie",Tanzanie,Dar Es Salaam,sales@fourcagricultural.com,  +255 799 623 502,https://www.fourcagricultural.com/categories.html,,,Tanzanian agricultural sourcing and export company connecting the fertile farmlands of East Africa,Nuts,W210 Cashew Kernels,Tanzania,Commercial W210 whole-kernel grade.,,Certificate of Origin; Phytosanitary; Lab Analysis; Fumigation; Weight Certificate; B/L,Dar es Salaam,,FOB / CIF / CFR,,,,10 MT,Vacuum-packed tins / Pouches in cartons / Food-grade export cartons,
Four C Agricultural Limited ,Supplier/Exporter,"Kinondoni – Msasani
Dar Es Salaam, Tanzanie",Tanzanie,Dar Es Salaam,sales@fourcagricultural.com,  +255 799 623 502,https://www.fourcagricultural.com/categories.html,,,Tanzanian agricultural sourcing and export company connecting the fertile farmlands of East Africa,Nuts,W240 Cashew Kernels,Tanzania,Commercial W240 whole-kernel grade.,,Certificate of Origin; Phytosanitary; Lab Analysis; Fumigation; Weight Certificate; B/L,Dar es Salaam,,FOB / CIF / CFR,,,,10 MT,Vacuum-packed tins / Pouches in cartons / Food-grade export cartons,
Four C Agricultural Limited ,Supplier/Exporter,"Kinondoni – Msasani
Dar Es Salaam, Tanzanie",Tanzanie,Dar Es Salaam,sales@fourcagricultural.com,  +255 799 623 502,https://www.fourcagricultural.com/categories.html,,,Tanzanian agricultural sourcing and export company connecting the fertile farmlands of East Africa,Nuts,W320 Cashew Kernels,Tanzania,W320 whole-kernel grade for snack/food processing.,,Certificate of Origin; Phytosanitary; Lab Analysis; Fumigation; Weight Certificate; B/L,Dar es Salaam,,FOB / CIF / CFR,,,,10 MT,Vacuum-packed tins / Pouches in cartons / Food-grade export cartons,
Four C Agricultural Limited ,Supplier/Exporter,"Kinondoni – Msasani
Dar Es Salaam, Tanzanie",Tanzanie,Dar Es Salaam,sales@fourcagricultural.com,  +255 799 623 502,https://www.fourcagricultural.com/categories.html,,,Tanzanian agricultural sourcing and export company connecting the fertile farmlands of East Africa,Spices,Black Pepper,Tanzania,Tanzanian; moisture ≤12%; bold piperine/aroma; cleaned and graded.,,Certificate of Origin; Phytosanitary; Lab Analysis; Fumigation; Weight Certificate; B/L,Dar es Salaam,,FOB / CIF / CFR,,,,10 MT,25 kg / 50 kg PP bags or bulk container liner,
Four C Agricultural Limited ,Supplier/Exporter,"Kinondoni – Msasani
Dar Es Salaam, Tanzanie",Tanzanie,Dar Es Salaam,sales@fourcagricultural.com,  +255 799 623 502,https://www.fourcagricultural.com/categories.html,,,Tanzanian agricultural sourcing and export company connecting the fertile farmlands of East Africa,Spices,Zanzibar Cloves,Tanzania,"Zanzibar/Tanzania; hand-picked, sun-dried; eugenol 15–18%.",,Certificate of Origin; Phytosanitary; Lab Analysis; Fumigation; Weight Certificate; B/L,Dar es Salaam,,FOB / CIF / CFR,,,,10 MT,25 kg / 50 kg PP bags or bulk container liner,
Four C Agricultural Limited ,Supplier/Exporter,"Kinondoni – Msasani
Dar Es Salaam, Tanzanie",Tanzanie,Dar Es Salaam,sales@fourcagricultural.com,  +255 799 623 502,https://www.fourcagricultural.com/categories.html,,,Tanzanian agricultural sourcing and export company connecting the fertile farmlands of East Africa,Spices,Green Cardamom,Tanzania,Tanzania; green cardamom; detailed specs to confirm.,,Certificate of Origin; Phytosanitary; Lab Analysis; Fumigation; Weight Certificate; B/L,Dar es Salaam,,FOB / CIF / CFR,,,,10 MT,25 kg / 50 kg PP bags or bulk container liner,
Four C Agricultural Limited ,Supplier/Exporter,"Kinondoni – Msasani
Dar Es Salaam, Tanzanie",Tanzanie,Dar Es Salaam,sales@fourcagricultural.com,  +255 799 623 502,https://www.fourcagricultural.com/categories.html,,,Tanzanian agricultural sourcing and export company connecting the fertile farmlands of East Africa,Spices,Vanilla Beans,Tanzania,Tanzania; vanilla beans; detailed grade parameters to confirm.,,Certificate of Origin; Phytosanitary; Lab Analysis; Fumigation; Weight Certificate; B/L,Dar es Salaam,,FOB / CIF / CFR,,,,10 MT,25 kg / 50 kg PP bags or bulk container liner,
Four C Agricultural Limited ,Supplier/Exporter,"Kinondoni – Msasani
Dar Es Salaam, Tanzanie",Tanzanie,Dar Es Salaam,sales@fourcagricultural.com,  +255 799 623 502,https://www.fourcagricultural.com/categories.html,,,Tanzanian agricultural sourcing and export company connecting the fertile farmlands of East Africa,Seeds,Sesame Seeds,Tanzania,Tanzania; moisture 6–8% max; purity 98–99.95%; FM 0.05–1% max; natural white/mixed.,,Certificate of Origin; Phytosanitary; Lab Analysis; Fumigation; Weight Certificate; B/L,Dar es Salaam,,FOB / CIF / CFR,,,,10 MT,25 kg / 50 kg PP bags or bulk container liner,
Four C Agricultural Limited ,Supplier/Exporter,"Kinondoni – Msasani
Dar Es Salaam, Tanzanie",Tanzanie,Dar Es Salaam,sales@fourcagricultural.com,  +255 799 623 502,https://www.fourcagricultural.com/categories.html,,,Tanzanian agricultural sourcing and export company connecting the fertile farmlands of East Africa,Seeds,Pumpkin Seeds,Tanzania,"Tanzania; moisture ≤8%; purity ≥99%; in-shell, hulled and roasted.",,Certificate of Origin; Phytosanitary; Lab Analysis; Fumigation; Weight Certificate; B/L,Dar es Salaam,,FOB / CIF / CFR,,,,10 MT,25 kg / 50 kg PP bags or bulk container liner,
Four C Agricultural Limited ,Supplier/Exporter,"Kinondoni – Msasani
Dar Es Salaam, Tanzanie",Tanzanie,Dar Es Salaam,sales@fourcagricultural.com,  +255 799 623 502,https://www.fourcagricultural.com/categories.html,,,Tanzanian agricultural sourcing and export company connecting the fertile farmlands of East Africa,Seeds,Sunflower Seeds,Tanzania,Tanzania; cleaned and sorted; numerical specs to confirm.,,Certificate of Origin; Phytosanitary; Lab Analysis; Fumigation; Weight Certificate; B/L,Dar es Salaam,,FOB / CIF / CFR,,,,10 MT,25 kg / 50 kg PP bags or bulk container liner,
Four C Agricultural Limited ,Supplier/Exporter,"Kinondoni – Msasani
Dar Es Salaam, Tanzanie",Tanzanie,Dar Es Salaam,sales@fourcagricultural.com,  +255 799 623 502,https://www.fourcagricultural.com/categories.html,,,Tanzanian agricultural sourcing and export company connecting the fertile farmlands of East Africa,Edible Oils,Refined Groundnut Oil,Tanzania,"Tanzania; refined edible oil; clear, bright, neutral; FFA/rancidity checked.",,Certificate of Origin; Phytosanitary; Lab Analysis; Fumigation; Weight Certificate; B/L,Dar es Salaam,,FOB / CIF / CFR,,,,10 MT,25 kg / 50 kg PP bags or bulk container liner,
Four C Agricultural Limited ,Supplier/Exporter,"Kinondoni – Msasani
Dar Es Salaam, Tanzanie",Tanzanie,Dar Es Salaam,sales@fourcagricultural.com,  +255 799 623 502,https://www.fourcagricultural.com/categories.html,,,Tanzanian agricultural sourcing and export company connecting the fertile farmlands of East Africa,Edible Oils,Refined Soybean Oil,Tanzania,Tanzania; refined food-grade soybean oil.,,Certificate of Origin; Phytosanitary; Lab Analysis; Fumigation; Weight Certificate; B/L,Dar es Salaam,,FOB / CIF / CFR,,,,10 MT,25 kg / 50 kg PP bags or bulk container liner,
Four C Agricultural Limited ,Supplier/Exporter,"Kinondoni – Msasani
Dar Es Salaam, Tanzanie",Tanzanie,Dar Es Salaam,sales@fourcagricultural.com,  +255 799 623 502,https://www.fourcagricultural.com/categories.html,,,Tanzanian agricultural sourcing and export company connecting the fertile farmlands of East Africa,Edible Oils,Refined Sunflower Oil,Tanzania,"Refined/deodorized; PET, tins, drums, flexitanks; shelf life 12+ months; flexitank up to 20,000 L.",,Certificate of Origin; Phytosanitary; Lab Analysis; Fumigation; Weight Certificate; B/L,Dar es Salaam,,FOB / CIF / CFR,,,,10 MT,25 kg / 50 kg PP bags or bulk container liner,
Four C Agricultural Limited ,Supplier/Exporter,"Kinondoni – Msasani
Dar Es Salaam, Tanzanie",Tanzanie,Dar Es Salaam,sales@fourcagricultural.com,  +255 799 623 502,https://www.fourcagricultural.com/categories.html,,,Tanzanian agricultural sourcing and export company connecting the fertile farmlands of East Africa,Sugar,Natural Brown Sugar,Tanzania,"Tanzania; unrefined, molasses-rich natural brown sugar.",,Certificate of Origin; Phytosanitary; Lab Analysis; Fumigation; Weight Certificate; B/L,Dar es Salaam,,FOB / CIF / CFR,,,,10 MT,25 kg / 50 kg PP bags or bulk container liner,
Ghana Grains Council (aggregator),Cooperative,,Ghana,Accra,trade@ghanagrains.gov.gh, +233 54 740 6030,https://www.facebook.com/GhanaGrainsCouncilOfficial/,,,The Ghana Grains Council (GGC) is a private sector-led organization formed by leaders of grain businesses,,,,,N/A,,,,,,,,,,
Ghana Tiger Nut Cooperative,Cooperative,"Ampomah St, Adenta Municipality, Ghana",Ghana,Tamale,,  +233 59 855 5884,https://www.linkedin.com/company/tigernut-export-manufacturing-company/,,,#Tigernut #HealthyLiving #SustainableProducts #AnimalFeed #InnovativeBeverages #HealthySnacks,,,,,,,,,,,,,,,
Grain of Africa Agro Processors (GOA),Supplier,"61 Selosesha Shop Cmplx, Selosesha, Thaba'Nchu, 9783, South Africa",South Africa,Thaba'Nchu,info@goaafricasa.co.za, +27 719 462 108,https://www.goaafricasa.co.za/soybeans.php,,,"Company presented as manufacturer/supplier/exporter of agricultural products; announced categories: agro seeds, cattle feed, green manure, grains, pulses, oil seeds, herbal products.",Cereals,White Maize / Grade A,South Africa,Non-GMO/GMO options; expansion 38/40–40/42; explosion 99%; pure variety 99%; moisture ≤12.5%; protein ≥9.5%; broken ≤2%; aflatoxin ≤10 ppb; free pesticides/insects; HS 1005.90.10; 25kg PP bags.," 120,000 MT/month",Non-GMO and GMO options,,,,,,,"5,000 MT",,
Grain of Africa Agro Processors (GOA),Supplier,"61 Selosesha Shop Cmplx, Selosesha, Thaba'Nchu, 9783, South Africa",South Africa,Thaba'Nchu,info@goaafricasa.co.za, +27 719 462 108,https://www.goaafricasa.co.za/soybeans.php,,,"Company presented as manufacturer/supplier/exporter of agricultural products; announced categories: agro seeds, cattle feed, green manure, grains, pulses, oil seeds, herbal products.",Cereals,Yellow Maize,South Africa,Moisture 11–12% max; admixture 1%; heat damage 0.5%; broken 1%; total damage 3.5%; foreign matter 2%.,,,,,,,,,,,
Grain of Africa Agro Processors (GOA),Supplier,"61 Selosesha Shop Cmplx, Selosesha, Thaba'Nchu, 9783, South Africa",South Africa,Thaba'Nchu,info@goaafricasa.co.za, +27 719 462 108,https://www.goaafricasa.co.za/soybeans.php,,,"Company presented as manufacturer/supplier/exporter of agricultural products; announced categories: agro seeds, cattle feed, green manure, grains, pulses, oil seeds, herbal products.",Cereals,Small Orange Maize,South Africa,Natural/glutinous/non-glutinous; animal food; shelf life 3 months; hygienically processed/packed.,,,,,,,,,,,
Grain of Africa Agro Processors (GOA),Supplier,"61 Selosesha Shop Cmplx, Selosesha, Thaba'Nchu, 9783, South Africa",South Africa,Thaba'Nchu,info@goaafricasa.co.za, +27 719 462 108,https://www.goaafricasa.co.za/soybeans.php,,,"Company presented as manufacturer/supplier/exporter of agricultural products; announced categories: agro seeds, cattle feed, green manure, grains, pulses, oil seeds, herbal products.",Cereals,Super White Maize Meal,South Africa,"Super maize meal; nutrition/quality discussion; production associated with 12,000 tonnes/month.","12,000 t/month",,,,,,,,,,
Grain of Africa Agro Processors (GOA),Supplier,"61 Selosesha Shop Cmplx, Selosesha, Thaba'Nchu, 9783, South Africa",South Africa,Thaba'Nchu,info@goaafricasa.co.za, +27 719 462 108,https://www.goaafricasa.co.za/soybeans.php,,,"Company presented as manufacturer/supplier/exporter of agricultural products; announced categories: agro seeds, cattle feed, green manure, grains, pulses, oil seeds, herbal products.",Cereals,Maize Flour – Fine,South Africa,Fine granular; white; degerminated and bran-free; food/pharma use; GMO and GMO-free available.,,GMO/GMO-free options,,,,,,,,,
Grain of Africa Agro Processors (GOA),Supplier,"61 Selosesha Shop Cmplx, Selosesha, Thaba'Nchu, 9783, South Africa",South Africa,Thaba'Nchu,info@goaafricasa.co.za, +27 719 462 108,https://www.goaafricasa.co.za/soybeans.php,,,"Company presented as manufacturer/supplier/exporter of agricultural products; announced categories: agro seeds, cattle feed, green manure, grains, pulses, oil seeds, herbal products.",Cereals,Maize Flour – Very Fine,South Africa,Very fine granular; white; degerminated and bran-free; food/pharma use; GMO and GMO-free available.,,GMO/GMO-free options,,,,,,,,,
Grain of Africa Agro Processors (GOA),Supplier,"61 Selosesha Shop Cmplx, Selosesha, Thaba'Nchu, 9783, South Africa",South Africa,Thaba'Nchu,info@goaafricasa.co.za, +27 719 462 108,https://www.goaafricasa.co.za/soybeans.php,,,"Company presented as manufacturer/supplier/exporter of agricultural products; announced categories: agro seeds, cattle feed, green manure, grains, pulses, oil seeds, herbal products.",Cereals,Maize Grits,South Africa,Product listed; detailed specification not stated on accessible section.,,,,,,,,,,,
Grain of Africa Agro Processors (GOA),Supplier,"61 Selosesha Shop Cmplx, Selosesha, Thaba'Nchu, 9783, South Africa",South Africa,Thaba'Nchu,info@goaafricasa.co.za, +27 719 462 108,https://www.goaafricasa.co.za/soybeans.php,,,"Company presented as manufacturer/supplier/exporter of agricultural products; announced categories: agro seeds, cattle feed, green manure, grains, pulses, oil seeds, herbal products.",Cereals,Maize Rice,South Africa,Product listed; detailed specification not stated on accessible section.,,,,,,,,,,,
Grain of Africa Agro Processors (GOA),Supplier,"61 Selosesha Shop Cmplx, Selosesha, Thaba'Nchu, 9783, South Africa",South Africa,Thaba'Nchu,info@goaafricasa.co.za, +27 719 462 108,https://www.goaafricasa.co.za/soybeans.php,,,"Company presented as manufacturer/supplier/exporter of agricultural products; announced categories: agro seeds, cattle feed, green manure, grains, pulses, oil seeds, herbal products.",Pulses,Purple Speckled Kidney Beans,,"HPS; moisture ≤16.5%; imperfect ≤3%; impurity ≤0.5%; 200–220/220–240 pcs/100g; PP 25/50kg, 50/100lb.",,,,,,,,,~24 MT/20' FCL,,
Grain of Africa Agro Processors (GOA),Supplier,"61 Selosesha Shop Cmplx, Selosesha, Thaba'Nchu, 9783, South Africa",South Africa,Thaba'Nchu,info@goaafricasa.co.za, +27 719 462 108,https://www.goaafricasa.co.za/soybeans.php,,,"Company presented as manufacturer/supplier/exporter of agricultural products; announced categories: agro seeds, cattle feed, green manure, grains, pulses, oil seeds, herbal products.",Pulses,Red Kidney Beans – Square,,HPS; moisture ≤16.5%; impurity ≤0.5%; imperfect ≤3%; 300 pcs/100g.,,,,,,,,,~24 MT/20' FCL,,
Grain of Africa Agro Processors (GOA),Supplier,"61 Selosesha Shop Cmplx, Selosesha, Thaba'Nchu, 9783, South Africa",South Africa,Thaba'Nchu,info@goaafricasa.co.za, +27 719 462 108,https://www.goaafricasa.co.za/soybeans.php,,,"Company presented as manufacturer/supplier/exporter of agricultural products; announced categories: agro seeds, cattle feed, green manure, grains, pulses, oil seeds, herbal products.",Pulses,Light Speckled Kidney Beans – Huanan Round,,HPS; moisture ≤16.5%; impurity ≤0.5%; imperfect ≤3%; 180–200/200–220/220–240 pcs/100g.,,,,,,,,,~24 MT/20' FCL,,
Grain of Africa Agro Processors (GOA),Supplier,"61 Selosesha Shop Cmplx, Selosesha, Thaba'Nchu, 9783, South Africa",South Africa,Thaba'Nchu,info@goaafricasa.co.za, +27 719 462 108,https://www.goaafricasa.co.za/soybeans.php,,,"Company presented as manufacturer/supplier/exporter of agricultural products; announced categories: agro seeds, cattle feed, green manure, grains, pulses, oil seeds, herbal products.",Pulses,Black Speckle Kidney Beans,,Moisture ≤16.5%; admixture ≤1%; imperfect ≤3%.,,,,,,,,,,,
Grain of Africa Agro Processors (GOA),Supplier,"61 Selosesha Shop Cmplx, Selosesha, Thaba'Nchu, 9783, South Africa",South Africa,Thaba'Nchu,info@goaafricasa.co.za, +27 719 462 108,https://www.goaafricasa.co.za/soybeans.php,,,"Company presented as manufacturer/supplier/exporter of agricultural products; announced categories: agro seeds, cattle feed, green manure, grains, pulses, oil seeds, herbal products.",Pulses,Light Speckled Kidney Beans – Xinjiang,,HPS; moisture ≤16.5%; imperfect ≤3%; impurity ≤0.5%; 160–180 pcs/100g.,,,,,,,,,~24 MT/20' FCL,,
Grain of Africa Agro Processors (GOA),Supplier,"61 Selosesha Shop Cmplx, Selosesha, Thaba'Nchu, 9783, South Africa",South Africa,Thaba'Nchu,info@goaafricasa.co.za, +27 719 462 108,https://www.goaafricasa.co.za/soybeans.php,,,"Company presented as manufacturer/supplier/exporter of agricultural products; announced categories: agro seeds, cattle feed, green manure, grains, pulses, oil seeds, herbal products.",Pulses,Light Speckled Kidney Beans – American Round/Cranberry,,HPS; moisture ≤16.5%; imperfect ≤3%; impurity ≤0.5%; 180–200/200–220/220–240 pcs/100g.,,,,,,,,,~24 MT/20' FCL,,
Grain of Africa Agro Processors (GOA),Supplier,"61 Selosesha Shop Cmplx, Selosesha, Thaba'Nchu, 9783, South Africa",South Africa,Thaba'Nchu,info@goaafricasa.co.za, +27 719 462 108,https://www.goaafricasa.co.za/soybeans.php,,,"Company presented as manufacturer/supplier/exporter of agricultural products; announced categories: agro seeds, cattle feed, green manure, grains, pulses, oil seeds, herbal products.",Pulses,Pinto Beans,,180–200 to 240–260 pcs/100g; moisture ≤16%; admixture ≤0.3%; defective beans ≤2%.,,,,,,,,,,,
Grain of Africa Agro Processors (GOA),Supplier,"61 Selosesha Shop Cmplx, Selosesha, Thaba'Nchu, 9783, South Africa",South Africa,Thaba'Nchu,info@goaafricasa.co.za, +27 719 462 108,https://www.goaafricasa.co.za/soybeans.php,,,"Company presented as manufacturer/supplier/exporter of agricultural products; announced categories: agro seeds, cattle feed, green manure, grains, pulses, oil seeds, herbal products.",Pulses,Peeling Broad Beans,,Moisture ≤14.5%; admixture ≤1%; imperfect ≤0.5%; 40–50 through 90–100 grains/100g.,,,,,,,,,,,
Grain of Africa Agro Processors (GOA),Supplier,"61 Selosesha Shop Cmplx, Selosesha, Thaba'Nchu, 9783, South Africa",South Africa,Thaba'Nchu,info@goaafricasa.co.za, +27 719 462 108,https://www.goaafricasa.co.za/soybeans.php,,,"Company presented as manufacturer/supplier/exporter of agricultural products; announced categories: agro seeds, cattle feed, green manure, grains, pulses, oil seeds, herbal products.",Pulses,Broad Beans,,Moisture ≤14.5%; admixture ≤0.1%; imperfect ≤0.5%; 40–50 through 90–100 grains/100g.,,,,,,,,,,,
Grain of Africa Agro Processors (GOA),Supplier,"61 Selosesha Shop Cmplx, Selosesha, Thaba'Nchu, 9783, South Africa",South Africa,Thaba'Nchu,info@goaafricasa.co.za, +27 719 462 108,https://www.goaafricasa.co.za/soybeans.php,,,"Company presented as manufacturer/supplier/exporter of agricultural products; announced categories: agro seeds, cattle feed, green manure, grains, pulses, oil seeds, herbal products.",Pulses,Red Kidney Beans,,Moisture 16%; admixture 1%; imperfect 2%; 190–210/200–240 pcs/100g.,,,,,,,,,,,
Grain of Africa Agro Processors (GOA),Supplier,"61 Selosesha Shop Cmplx, Selosesha, Thaba'Nchu, 9783, South Africa",South Africa,Thaba'Nchu,info@goaafricasa.co.za, +27 719 462 108,https://www.goaafricasa.co.za/soybeans.php,,,"Company presented as manufacturer/supplier/exporter of agricultural products; announced categories: agro seeds, cattle feed, green manure, grains, pulses, oil seeds, herbal products.",Pulses,Light Red Kidney Beans,,Moisture ≤16.5%; admixture ≤0.5%; imperfect ≤3%; sizes around 175–220 pcs/100g.,,,,,,,,,,,
Grain of Africa Agro Processors (GOA),Supplier,"61 Selosesha Shop Cmplx, Selosesha, Thaba'Nchu, 9783, South Africa",South Africa,Thaba'Nchu,info@goaafricasa.co.za, +27 719 462 108,https://www.goaafricasa.co.za/soybeans.php,,,"Company presented as manufacturer/supplier/exporter of agricultural products; announced categories: agro seeds, cattle feed, green manure, grains, pulses, oil seeds, herbal products.",Pulses,Small Red Kidney Beans,,HPS; moisture up to 15%; admixture ≤1%; imperfect ≤3%; 190–200/200–220 grains/100g.,,,,,,,,,,,
Grain of Africa Agro Processors (GOA),Supplier,"61 Selosesha Shop Cmplx, Selosesha, Thaba'Nchu, 9783, South Africa",South Africa,Thaba'Nchu,info@goaafricasa.co.za, +27 719 462 108,https://www.goaafricasa.co.za/soybeans.php,,,"Company presented as manufacturer/supplier/exporter of agricultural products; announced categories: agro seeds, cattle feed, green manure, grains, pulses, oil seeds, herbal products.",Pulses,Dark Red Kidney Beans,Yunnan / South Africa,Yunnan and South African origins listed; moisture ≤16.5%; admixture ≤0.5%; imperfect ≤3%.,,,,,,,,,,,
Grain of Africa Agro Processors (GOA),Supplier,"61 Selosesha Shop Cmplx, Selosesha, Thaba'Nchu, 9783, South Africa",South Africa,Thaba'Nchu,info@goaafricasa.co.za, +27 719 462 108,https://www.goaafricasa.co.za/soybeans.php,,,"Company presented as manufacturer/supplier/exporter of agricultural products; announced categories: agro seeds, cattle feed, green manure, grains, pulses, oil seeds, herbal products.",Pulses,Dark Red Kidney Beans – British Type,,HPS; moisture ≤16.5%; impurity ≤0.5%; imperfect ≤3%; 220–240 pcs/100g.,,,,,,,,,~24 MT/20' FCL,,
Grain of Africa Agro Processors (GOA),Supplier,"61 Selosesha Shop Cmplx, Selosesha, Thaba'Nchu, 9783, South Africa",South Africa,Thaba'Nchu,info@goaafricasa.co.za, +27 719 462 108,https://www.goaafricasa.co.za/soybeans.php,,,"Company presented as manufacturer/supplier/exporter of agricultural products; announced categories: agro seeds, cattle feed, green manure, grains, pulses, oil seeds, herbal products.",Pulses,White Kidney Beans – Medium,,HPS; moisture ≤16.5%; impurity ≤0.5%; imperfect ≤3%; 180–200/200–220/200–240 pcs/100g.,,,,,,,,,,,
Grain of Africa Agro Processors (GOA),Supplier,"61 Selosesha Shop Cmplx, Selosesha, Thaba'Nchu, 9783, South Africa",South Africa,Thaba'Nchu,info@goaafricasa.co.za, +27 719 462 108,https://www.goaafricasa.co.za/soybeans.php,,,"Company presented as manufacturer/supplier/exporter of agricultural products; announced categories: agro seeds, cattle feed, green manure, grains, pulses, oil seeds, herbal products.",Pulses,Big Size White Kidney Beans,,Moisture 15–16%; admixture 0.1%; imperfect 1%; 50–60 grains/100g.,,,,,,,,,,,
Grain of Africa Agro Processors (GOA),Supplier,"61 Selosesha Shop Cmplx, Selosesha, Thaba'Nchu, 9783, South Africa",South Africa,Thaba'Nchu,info@goaafricasa.co.za, +27 719 462 108,https://www.goaafricasa.co.za/soybeans.php,,,"Company presented as manufacturer/supplier/exporter of agricultural products; announced categories: agro seeds, cattle feed, green manure, grains, pulses, oil seeds, herbal products.",Pulses,White Kidney Beans – Japanese Type,,HPS; moisture ≤16.5%; impurity ≤0.5%; imperfect ≤3%; 400–420/420–440 pcs/100g.,,,,,,,,,~24 MT/20' FCL,,
Grain of Africa Agro Processors (GOA),Supplier,"61 Selosesha Shop Cmplx, Selosesha, Thaba'Nchu, 9783, South Africa",South Africa,Thaba'Nchu,info@goaafricasa.co.za, +27 719 462 108,https://www.goaafricasa.co.za/soybeans.php,,,"Company presented as manufacturer/supplier/exporter of agricultural products; announced categories: agro seeds, cattle feed, green manure, grains, pulses, oil seeds, herbal products.",Pulses,Navy Beans,,HPS; moisture ≤16.5%; imperfect ≤3%; impurity ≤0.5%; ~500 pcs/100g.,,,,,,,,,~24 MT/20' FCL,,
Grain of Africa Agro Processors (GOA),Supplier,"61 Selosesha Shop Cmplx, Selosesha, Thaba'Nchu, 9783, South Africa",South Africa,Thaba'Nchu,info@goaafricasa.co.za, +27 719 462 108,https://www.goaafricasa.co.za/soybeans.php,,,"Company presented as manufacturer/supplier/exporter of agricultural products; announced categories: agro seeds, cattle feed, green manure, grains, pulses, oil seeds, herbal products.",Pulses,White Kidney Beans – Long Shape,,HPS; moisture ≤16.5%; imperfect ≤3%; impurity ≤0.5%; 180–200/200–220 pcs/100g.,,,,,,,,,~24 MT/20' FCL,,
Grain of Africa Agro Processors (GOA),Supplier,"61 Selosesha Shop Cmplx, Selosesha, Thaba'Nchu, 9783, South Africa",South Africa,Thaba'Nchu,info@goaafricasa.co.za, +27 719 462 108,https://www.goaafricasa.co.za/soybeans.php,,,"Company presented as manufacturer/supplier/exporter of agricultural products; announced categories: agro seeds, cattle feed, green manure, grains, pulses, oil seeds, herbal products.",Pulses,White Kidney Beans – Baisake,,HPS; moisture ≤16.5%; impurity ≤0.5%; imperfect ≤3%; 300–330/330–360 pcs/100g.,,,,,,,,,~24 MT/20' FCL,,
Grain of Africa Agro Processors (GOA),Supplier,"61 Selosesha Shop Cmplx, Selosesha, Thaba'Nchu, 9783, South Africa",South Africa,Thaba'Nchu,info@goaafricasa.co.za, +27 719 462 108,https://www.goaafricasa.co.za/soybeans.php,,,"Company presented as manufacturer/supplier/exporter of agricultural products; announced categories: agro seeds, cattle feed, green manure, grains, pulses, oil seeds, herbal products.",Pulses,Black Kidney Beans / Polished,,HPS for polished; moisture ≤16.5%; impurity ≤0.5%; imperfect ≤3%.,,,,,,,,,~24 MT/20' FCL,,
Grain of Africa Agro Processors (GOA),Supplier,"61 Selosesha Shop Cmplx, Selosesha, Thaba'Nchu, 9783, South Africa",South Africa,Thaba'Nchu,info@goaafricasa.co.za, +27 719 462 108,https://www.goaafricasa.co.za/soybeans.php,,,"Company presented as manufacturer/supplier/exporter of agricultural products; announced categories: agro seeds, cattle feed, green manure, grains, pulses, oil seeds, herbal products.",Pulses,Triangle Beans,,Size 4mm+; moisture ≤16.5%; admixture ≤1%; imperfect ≤3%.,,,,,,,,,,,
Grain of Africa Agro Processors (GOA),Supplier,"61 Selosesha Shop Cmplx, Selosesha, Thaba'Nchu, 9783, South Africa",South Africa,Thaba'Nchu,info@goaafricasa.co.za, +27 719 462 108,https://www.goaafricasa.co.za/soybeans.php,,,"Company presented as manufacturer/supplier/exporter of agricultural products; announced categories: agro seeds, cattle feed, green manure, grains, pulses, oil seeds, herbal products.",Pulses,Yellow Kidney Beans,,Moisture ≤16.5%; admixture ≤1%; imperfect ≤3%.,,,,,,,,,,,
Grain of Africa Agro Processors (GOA),Supplier,"61 Selosesha Shop Cmplx, Selosesha, Thaba'Nchu, 9783, South Africa",South Africa,Thaba'Nchu,info@goaafricasa.co.za, +27 719 462 108,https://www.goaafricasa.co.za/soybeans.php,,,"Company presented as manufacturer/supplier/exporter of agricultural products; announced categories: agro seeds, cattle feed, green manure, grains, pulses, oil seeds, herbal products.",Pulses,Mung Beans,,"Moisture 16%; admixture 1%; imperfect 2%; germination 98%; sizes 3.0, 3.2–3.8, 3.8–4.0mm.",,,,,,,,,,,
Grain of Africa Agro Processors (GOA),Supplier,"61 Selosesha Shop Cmplx, Selosesha, Thaba'Nchu, 9783, South Africa",South Africa,Thaba'Nchu,info@goaafricasa.co.za, +27 719 462 108,https://www.goaafricasa.co.za/soybeans.php,,,"Company presented as manufacturer/supplier/exporter of agricultural products; announced categories: agro seeds, cattle feed, green manure, grains, pulses, oil seeds, herbal products.",Nuts & Seeds,Almonds – Shelled Natural Raw,California / USA,"Nonpareil, Carmel, Price, Fritz, Monterey, Padre, Butte, Mission; sizes 16/18 through 36/40; custom specs.",,,,,,,,,,,
Grain of Africa Agro Processors (GOA),Supplier,"61 Selosesha Shop Cmplx, Selosesha, Thaba'Nchu, 9783, South Africa",South Africa,Thaba'Nchu,info@goaafricasa.co.za, +27 719 462 108,https://www.goaafricasa.co.za/soybeans.php,,,"Company presented as manufacturer/supplier/exporter of agricultural products; announced categories: agro seeds, cattle feed, green manure, grains, pulses, oil seeds, herbal products.",Nuts & Seeds,Almonds – Inshell Natural Raw,California / USA,"Nonpareil, Peerless; custom specs.",,,,,,,,,,,
Grain of Africa Agro Processors (GOA),Supplier,"61 Selosesha Shop Cmplx, Selosesha, Thaba'Nchu, 9783, South Africa",South Africa,Thaba'Nchu,info@goaafricasa.co.za, +27 719 462 108,https://www.goaafricasa.co.za/soybeans.php,,,"Company presented as manufacturer/supplier/exporter of agricultural products; announced categories: agro seeds, cattle feed, green manure, grains, pulses, oil seeds, herbal products.",Nuts & Seeds,Cashew Nuts,,White whole and scorched whole; white wholes 180/210/240/320/450; vacuum-packed tins.,,,,,,,,,,,
Grain of Africa Agro Processors (GOA),Supplier,"61 Selosesha Shop Cmplx, Selosesha, Thaba'Nchu, 9783, South Africa",South Africa,Thaba'Nchu,info@goaafricasa.co.za, +27 719 462 108,https://www.goaafricasa.co.za/soybeans.php,,,"Company presented as manufacturer/supplier/exporter of agricultural products; announced categories: agro seeds, cattle feed, green manure, grains, pulses, oil seeds, herbal products.",Nuts & Seeds,Walnut,,Inshell only; thin smooth oval shell; light colour; mild flavour; yield 48–51%; high halves yield.,,,,,,,,,,,
Grain of Africa Agro Processors (GOA),Supplier,"61 Selosesha Shop Cmplx, Selosesha, Thaba'Nchu, 9783, South Africa",South Africa,Thaba'Nchu,info@goaafricasa.co.za, +27 719 462 108,https://www.goaafricasa.co.za/soybeans.php,,,"Company presented as manufacturer/supplier/exporter of agricultural products; announced categories: agro seeds, cattle feed, green manure, grains, pulses, oil seeds, herbal products.",Nuts & Seeds,Pistachios – Raw Kernels,,Raw kernels; wholesale/bulk; 1–30kg packing stated for range.,,,,,,,,,,,
Grain of Africa Agro Processors (GOA),Supplier,"61 Selosesha Shop Cmplx, Selosesha, Thaba'Nchu, 9783, South Africa",South Africa,Thaba'Nchu,info@goaafricasa.co.za, +27 719 462 108,https://www.goaafricasa.co.za/soybeans.php,,,"Company presented as a manufacturer/supplier/exporter of agricultural products; announced categories: agro seeds, cattle feed, green manure, grains, pulses, oil seeds, herbal products.",Nuts & Seeds,Pistachios – Roasted Salted in Shell,,Roasted salted in-shell.,,,,,,,,,,,
Grain of Africa Agro Processors (GOA),Supplier,"61 Selosesha Shop Cmplx, Selosesha, Thaba'Nchu, 9783, South Africa",South Africa,Thaba'Nchu,info@goaafricasa.co.za, +27 719 462 108,https://www.goaafricasa.co.za/soybeans.php,,,"Company presented as a manufacturer/supplier/exporter of agricultural products; announced categories: agro seeds, cattle feed, green manure, grains, pulses, oil seeds, herbal products.",Nuts & Seeds,Pistachio Pieces,,Pistachio pieces.,,,,,,,,,,,
Grain of Africa Agro Processors (GOA),Supplier,"61 Selosesha Shop Cmplx, Selosesha, Thaba'Nchu, 9783, South Africa",South Africa,Thaba'Nchu,info@goaafricasa.co.za, +27 719 462 108,https://www.goaafricasa.co.za/soybeans.php,,,"Company presented as a manufacturer/supplier/exporter of agricultural products; announced categories: agro seeds, cattle feed, green manure, grains, pulses, oil seeds, herbal products.",Nuts & Seeds,Pistachios – Raw in Shell,,Raw in-shell.,,,,,,,,,,,
Grain of Africa Agro Processors (GOA),Supplier,"61 Selosesha Shop Cmplx, Selosesha, Thaba'Nchu, 9783, South Africa",South Africa,Thaba'Nchu,info@goaafricasa.co.za, +27 719 462 108,https://www.goaafricasa.co.za/soybeans.php,,,"Company presented as a manufacturer/supplier/exporter of agricultural products; announced categories: agro seeds, cattle feed, green manure, grains, pulses, oil seeds, herbal products.",Nuts & Seeds,Golden Sultana / Organic Golden Raisins,,Approx. 299 kcal/100g; fat 0.46g; fibre 4g; carbs 79.18g; protein 3.07g; laser/X-ray sorted and handpicked.,,,,,,,,,,,
Grain of Africa Agro Processors (GOA),Supplier,"61 Selosesha Shop Cmplx, Selosesha, Thaba'Nchu, 9783, South Africa",South Africa,Thaba'Nchu,info@goaafricasa.co.za, +27 719 462 108,https://www.goaafricasa.co.za/soybeans.php,,,"Company presented as a manufacturer/supplier/exporter of agricultural products; announced categories: agro seeds, cattle feed, green manure, grains, pulses, oil seeds, herbal products.",Nuts & Seeds,Macadamia Nuts,,"Style 0: ≥95% whole, >20mm; another style ≥90% whole, 16–21mm.",,,,,,,,,,,
Grain of Africa Agro Processors (GOA),Supplier,"61 Selosesha Shop Cmplx, Selosesha, Thaba'Nchu, 9783, South Africa",South Africa,Thaba'Nchu,info@goaafricasa.co.za, +27 719 462 108,https://www.goaafricasa.co.za/soybeans.php,,,"Company presented as a manufacturer/supplier/exporter of agricultural products; announced categories: agro seeds, cattle feed, green manure, grains, pulses, oil seeds, herbal products.",Soy,Organic Non-GMO Soybeans,South Africa,Protein ≥39%; moisture ≤12%; oil ≥18%; Grade A; 50kg/bulk/buyer requirements; immediate shipping.,,,,,,,,,Immediate shipping,,
Grain of Africa Agro Processors (GOA),Supplier,"61 Selosesha Shop Cmplx, Selosesha, Thaba'Nchu, 9783, South Africa",South Africa,Thaba'Nchu,info@goaafricasa.co.za, +27 719 462 108,https://www.goaafricasa.co.za/soybeans.php,,,"Company presented as a manufacturer/supplier/exporter of agricultural products; announced categories: agro seeds, cattle feed, green manure, grains, pulses, oil seeds, herbal products.",Soy,Soybean Meal,,Dry matter 90%; crude protein 46%; ME 12 MJ/kg DM; fibre 3.2%; NDF 12.3%; ADF 45%; fat 1.4%; Ca 0.3%; K 2.1%; lysine 2.91%; threonine 1.79%.,,,,,,,,,Feeding recommendation 0.5–2kg/head/day,,
Grain of Africa Agro Processors (GOA),Supplier,"61 Selosesha Shop Cmplx, Selosesha, Thaba'Nchu, 9783, South Africa",South Africa,Thaba'Nchu,info@goaafricasa.co.za, +27 719 462 108,https://www.goaafricasa.co.za/soybeans.php,,,"Company presented as a manufacturer/supplier/exporter of agricultural products; announced categories: agro seeds, cattle feed, green manure, grains, pulses, oil seeds, herbal products.",Soy,Soya Oil Cake,,Product listed; detailed specification not visible.,,,,,,,,,,,
Grain of Africa Agro Processors (GOA),Supplier,"61 Selosesha Shop Cmplx, Selosesha, Thaba'Nchu, 9783, South Africa",South Africa,Thaba'Nchu,info@goaafricasa.co.za, +27 719 462 108,https://www.goaafricasa.co.za/soybeans.php,,,"Company presented as a manufacturer/supplier/exporter of agricultural products; announced categories: agro seeds, cattle feed, green manure, grains, pulses, oil seeds, herbal products.",Rice,IR64 White Rice Long Grain – 25% Broken,India,Broken 5%; moisture 14%; damaged/discoloured/yellow 2%; yellow 1%; red/streaked 0.5%; FM 0.25%; chalky 6%; natural admixture 5%; length 6mm; well milled; non-Sortex; 25/50kg PP.,,,,,,,,,,,
Grain of Africa Agro Processors (GOA),Supplier,"61 Selosesha Shop Cmplx, Selosesha, Thaba'Nchu, 9783, South Africa",South Africa,Thaba'Nchu,info@goaafricasa.co.za, +27 719 462 108,https://www.goaafricasa.co.za/soybeans.php,,,"Company presented as a manufacturer/supplier/exporter of agricultural products; announced categories: agro seeds, cattle feed, green manure, grains, pulses, oil seeds, herbal products.",Rice,Traditional White Basmati,India,Traditional white basmati.,,,,,,,,,,,
Grain of Africa Agro Processors (GOA),Supplier,"61 Selosesha Shop Cmplx, Selosesha, Thaba'Nchu, 9783, South Africa",South Africa,Thaba'Nchu,info@goaafricasa.co.za, +27 719 462 108,https://www.goaafricasa.co.za/soybeans.php,,,"Company presented as a manufacturer/supplier/exporter of agricultural products; announced categories: agro seeds, cattle feed, green manure, grains, pulses, oil seeds, herbal products.",Rice,White Sella Basmati,India,White Sella basmati.,,,,,,,,,,,
Grain of Africa Agro Processors (GOA),Supplier,"61 Selosesha Shop Cmplx, Selosesha, Thaba'Nchu, 9783, South Africa",South Africa,Thaba'Nchu,info@goaafricasa.co.za, +27 719 462 108,https://www.goaafricasa.co.za/soybeans.php,,,"Company presented as a manufacturer/supplier/exporter of agricultural products; announced categories: agro seeds, cattle feed, green manure, grains, pulses, oil seeds, herbal products.",Rice,Golden Sella Basmati,India,Golden Sella basmati.,,,,,,,,,,,
Grain of Africa Agro Processors (GOA),Supplier,"61 Selosesha Shop Cmplx, Selosesha, Thaba'Nchu, 9783, South Africa",South Africa,Thaba'Nchu,info@goaafricasa.co.za, +27 719 462 108,https://www.goaafricasa.co.za/soybeans.php,,,"Company presented as a manufacturer/supplier/exporter of agricultural products; announced categories: agro seeds, cattle feed, green manure, grains, pulses, oil seeds, herbal products.",Rice,PR11 White / Sella / Steam Rice,India,PR11 variants.,,,,,,,,,,,
Grain of Africa Agro Processors (GOA),Supplier,"61 Selosesha Shop Cmplx, Selosesha, Thaba'Nchu, 9783, South Africa",South Africa,Thaba'Nchu,info@goaafricasa.co.za, +27 719 462 108,https://www.goaafricasa.co.za/soybeans.php,,,"Company presented as a manufacturer/supplier/exporter of agricultural products; announced categories: agro seeds, cattle feed, green manure, grains, pulses, oil seeds, herbal products.",Rice,1121 White / White Sella / Golden Sella,India,1121 basmati variants.,,,,,,,,,,,
Grain of Africa Agro Processors (GOA),Supplier,"61 Selosesha Shop Cmplx, Selosesha, Thaba'Nchu, 9783, South Africa",South Africa,Thaba'Nchu,info@goaafricasa.co.za, +27 719 462 108,https://www.goaafricasa.co.za/soybeans.php,,,"Company presented as a manufacturer/supplier/exporter of agricultural products; announced categories: agro seeds, cattle feed, green manure, grains, pulses, oil seeds, herbal products.",Rice,Sharbati White / White Sella / Golden Sella / Steam,India,Sharbati variants.,,,,,,,,,,,
Grain of Africa Agro Processors (GOA),Supplier,"61 Selosesha Shop Cmplx, Selosesha, Thaba'Nchu, 9783, South Africa",South Africa,Thaba'Nchu,info@goaafricasa.co.za, +27 719 462 108,https://www.goaafricasa.co.za/soybeans.php,,,"Company presented as a manufacturer/supplier/exporter of agricultural products; announced categories: agro seeds, cattle feed, green manure, grains, pulses, oil seeds, herbal products.",Rice,Parmal PR11 / PR106 / IRR36 / IRR64,India,"Long/short grain, double polish, aromatic, colour Sortexed, free dust/stones.",,,,,,,,,,,
Grain of Africa Agro Processors (GOA),Supplier,"61 Selosesha Shop Cmplx, Selosesha, Thaba'Nchu, 9783, South Africa",South Africa,Thaba'Nchu,info@goaafricasa.co.za, +27 719 462 108,https://www.goaafricasa.co.za/soybeans.php,,,"Company presented as a manufacturer/supplier/exporter of agricultural products; announced categories: agro seeds, cattle feed, green manure, grains, pulses, oil seeds, herbal products.",Rice,White / Sella / Steam Parmal,India,Parmal variants.,,,,,,,,,,,
Grain of Africa Agro Processors (GOA),Supplier,"61 Selosesha Shop Cmplx, Selosesha, Thaba'Nchu, 9783, South Africa",South Africa,Thaba'Nchu,info@goaafricasa.co.za, +27 719 462 108,https://www.goaafricasa.co.za/soybeans.php,,,"Company presented as a manufacturer/supplier/exporter of agricultural products; announced categories: agro seeds, cattle feed, green manure, grains, pulses, oil seeds, herbal products.",Rice,Burma White Rice,Myanmar,Current crop; broken ≤5%; moisture ≤14%; FM ≤1%; damaged ≤1%; chalky ≤5%.,,,,,,,,,,,
Grain of Africa Agro Processors (GOA),Supplier,"61 Selosesha Shop Cmplx, Selosesha, Thaba'Nchu, 9783, South Africa",South Africa,Thaba'Nchu,info@goaafricasa.co.za, +27 719 462 108,https://www.goaafricasa.co.za/soybeans.php,,,"Company presented as a manufacturer/supplier/exporter of agricultural products; announced categories: agro seeds, cattle feed, green manure, grains, pulses, oil seeds, herbal products.",Rice,Chinese Round Rice,China,RR201/RR202; moisture ≤14.5%; broken ratios shown; PP bags.,,,,,,,,,,,
Grain of Africa Agro Processors (GOA),Supplier,"61 Selosesha Shop Cmplx, Selosesha, Thaba'Nchu, 9783, South Africa",South Africa,Thaba'Nchu,info@goaafricasa.co.za, +27 719 462 108,https://www.goaafricasa.co.za/soybeans.php,,,"Company presented as a manufacturer/supplier/exporter of agricultural products; announced categories: agro seeds, cattle feed, green manure, grains, pulses, oil seeds, herbal products.",Rice,Myanmar Emata Rice,Myanmar,Hard; long grain; organic; white; 5.5–6.2mm; broken 25%; moisture ≤15%; FM 1%; foreign kernels 5%; aromatic.,,,,,,,,,,,
Grain of Africa Agro Processors (GOA),Supplier,"61 Selosesha Shop Cmplx, Selosesha, Thaba'Nchu, 9783, South Africa",South Africa,Thaba'Nchu,info@goaafricasa.co.za, +27 719 462 108,https://www.goaafricasa.co.za/soybeans.php,,,"Company presented as a manufacturer/supplier/exporter of agricultural products; announced categories: agro seeds, cattle feed, green manure, grains, pulses, oil seeds, herbal products.",Rice,Myanmar White Rice,Myanmar,Medium grain; white; broken 5–25%; 50kg.,,,,,,,,,,,
Grain of Africa Agro Processors (GOA),Supplier,"61 Selosesha Shop Cmplx, Selosesha, Thaba'Nchu, 9783, South Africa",South Africa,Thaba'Nchu,info@goaafricasa.co.za, +27 719 462 108,https://www.goaafricasa.co.za/soybeans.php,,,"Company presented as a manufacturer/supplier/exporter of agricultural products; announced categories: agro seeds, cattle feed, green manure, grains, pulses, oil seeds, herbal products.",Rice,Myanmar Emata White Rice,Myanmar,Broken 5–25%; moisture 14%; damaged/discoloured 3%; FM 1%; length ≤5.8mm; reasonably well milled.,,,,,,,,,,,
Grain of Africa Agro Processors (GOA),Supplier,"61 Selosesha Shop Cmplx, Selosesha, Thaba'Nchu, 9783, South Africa",South Africa,Thaba'Nchu,info@goaafricasa.co.za, +27 719 462 108,https://www.goaafricasa.co.za/soybeans.php,,,"Company presented as a manufacturer/supplier/exporter of agricultural products; announced categories: agro seeds, cattle feed, green manure, grains, pulses, oil seeds, herbal products.",Rice,Myanmar Emata Rice 20% Broken,Myanmar,Broken ≤20%; moisture ≤14%; chalky ≤6%; damaged ≤2%; yellow ≤2%; red/streaked ≤1%; FM ≤1%; paddy ≤0.5%; length ≥6mm.,,,,,,,,,,,
Grain of Africa Agro Processors (GOA),Supplier,"61 Selosesha Shop Cmplx, Selosesha, Thaba'Nchu, 9783, South Africa",South Africa,Thaba'Nchu,info@goaafricasa.co.za, +27 719 462 108,https://www.goaafricasa.co.za/soybeans.php,,,"Company presented as a manufacturer/supplier/exporter of agricultural products; announced categories: agro seeds, cattle feed, green manure, grains, pulses, oil seeds, herbal products.",Rice,Vietnamese Long Grain White Rice 5% Broken,Vietnam,Moisture ≤14%; FM ≤0.1%; chalky ≤6%; damaged ≤0.5%; paddy 15/kg; yellow 0.75%; red 1%; well milled.,,,,,,,,,,,
Grain of Africa Agro Processors (GOA),Supplier,"61 Selosesha Shop Cmplx, Selosesha, Thaba'Nchu, 9783, South Africa",South Africa,Thaba'Nchu,info@goaafricasa.co.za, +27 719 462 108,https://www.goaafricasa.co.za/soybeans.php,,,"Company presented as a manufacturer/supplier/exporter of agricultural products; announced categories: agro seeds, cattle feed, green manure, grains, pulses, oil seeds, herbal products.",Rice,Vietnam Long Grain White Rice 10% Broken,Vietnam,Moisture ≤14%; FM ≤0.2%; chalky ≤7%; damaged ≤0.5%; paddy 20/kg; yellow 0.75%; red 1.5%; well milled.,,,,,,,,,,,
Grain of Africa Agro Processors (GOA),Supplier,"61 Selosesha Shop Cmplx, Selosesha, Thaba'Nchu, 9783, South Africa",South Africa,Thaba'Nchu,info@goaafricasa.co.za, +27 719 462 108,https://www.goaafricasa.co.za/soybeans.php,,,"Company presented as a manufacturer/supplier/exporter of agricultural products; announced categories: agro seeds, cattle feed, green manure, grains, pulses, oil seeds, herbal products.",Rice,Vietnamese Long Grain White Rice 15% Broken,Vietnam,Moisture ≤14%; FM ≤0.5%; chalky ≤7%; damaged ≤1.5%; paddy 25/kg; yellow 1%; red 3%; well milled.,,,,,,,,,,,
Grain of Africa Agro Processors (GOA),Supplier,"61 Selosesha Shop Cmplx, Selosesha, Thaba'Nchu, 9783, South Africa",South Africa,Thaba'Nchu,info@goaafricasa.co.za, +27 719 462 108,https://www.goaafricasa.co.za/soybeans.php,,,"Company presented as a manufacturer/supplier/exporter of agricultural products; announced categories: agro seeds, cattle feed, green manure, grains, pulses, oil seeds, herbal products.",Rice,Vietnamese Long Grain White Rice 25% Broken,Vietnam,Moisture ≤14%; FM ≤1%; chalky ≤8%; damaged ≤2.5%; paddy 30/kg; yellow 1.5%; red 5%; reasonably milled.,,,,,,,,,,,
Grain of Africa Agro Processors (GOA),Supplier,"61 Selosesha Shop Cmplx, Selosesha, Thaba'Nchu, 9783, South Africa",South Africa,Thaba'Nchu,info@goaafricasa.co.za, +27 719 462 108,https://www.goaafricasa.co.za/soybeans.php,,,"Company presented as a manufacturer/supplier/exporter of agricultural products; announced categories: agro seeds, cattle feed, green manure, grains, pulses, oil seeds, herbal products.",Rice,Vietnamese White Rice 5/10/25% Broken,Vietnam,"Detailed limits for broken, moisture, damaged, yellow, red, chalky, paddy and milling degree stated on site.",,,,,,,,,,,
Grain of Africa Agro Processors (GOA),Supplier,"61 Selosesha Shop Cmplx, Selosesha, Thaba'Nchu, 9783, South Africa",South Africa,Thaba'Nchu,info@goaafricasa.co.za, +27 719 462 108,https://www.goaafricasa.co.za/soybeans.php,,,"Company presented as a manufacturer/supplier/exporter of agricultural products; announced categories: agro seeds, cattle feed, green manure, grains, pulses, oil seeds, herbal products.",Rice,Vietnamese White Rice 100% Broken,Vietnam,Broken 100%; moisture ≤14.5%; FM ≤0.5%; chalky ≤8%; damaged ≤2%; immature ≤1.5%; red/streaked ≤3.5%; yellow ≤1.5%; paddy ≤30/kg; well milled/double polished.,,,,,,,,,,,
Grain of Africa Agro Processors (GOA),Supplier,"61 Selosesha Shop Cmplx, Selosesha, Thaba'Nchu, 9783, South Africa",South Africa,Thaba'Nchu,info@goaafricasa.co.za, +27 719 462 108,https://www.goaafricasa.co.za/soybeans.php,,,"Company presented as a manufacturer/supplier/exporter of agricultural products; announced categories: agro seeds, cattle feed, green manure, grains, pulses, oil seeds, herbal products.",Rice,Thailand White Rice 100% Broken A1 Super,Thailand,100% broken; whole kernels >60%; moisture ≤14%; damaged/yellow/red 0%; chalky ≤3%; paddy 5/kg; extra well milled; FM 0%.,,,,,,,,,,,
Grain of Africa Agro Processors (GOA),Supplier,"61 Selosesha Shop Cmplx, Selosesha, Thaba'Nchu, 9783, South Africa",South Africa,Thaba'Nchu,info@goaafricasa.co.za, +27 719 462 108,https://www.goaafricasa.co.za/soybeans.php,,,"Company presented as manufacturer/supplier/exporter of agricultural products; announced categories: agro seeds, cattle feed, green manure, grains, pulses, oil seeds, herbal products.",Rice,Thailand White Rice 5% Broken,Thailand,Broken ≤7%; moisture ≤14%; damaged ≤0.25%; yellow ≤0.5%; red/undermilled ≤2%; chalky ≤6%; paddy 10/kg; well milled.,,,,,,,,,,,
Grain of Africa Agro Processors (GOA),Supplier,"61 Selosesha Shop Cmplx, Selosesha, Thaba'Nchu, 9783, South Africa",South Africa,Thaba'Nchu,info@goaafricasa.co.za, +27 719 462 108,https://www.goaafricasa.co.za/soybeans.php,,,"Company presented as manufacturer/supplier/exporter of agricultural products; announced categories: agro seeds, cattle feed, green manure, grains, pulses, oil seeds, herbal products.",Rice,Super Kernel Basmati – Pearl / Premium / Standard,India,Broken 0–2%; silky double polished; extra well milled/cleaned/fumigated; strong aroma; 100% Sortex; 40kg bags; MOQ 25MT/20'FCL.,,,,,,,,,,,
Grain of Africa Agro Processors (GOA),Supplier,"61 Selosesha Shop Cmplx, Selosesha, Thaba'Nchu, 9783, South Africa",South Africa,Thaba'Nchu,info@goaafricasa.co.za, +27 719 462 108,https://www.goaafricasa.co.za/soybeans.php,,,"Company presented as manufacturer/supplier/exporter of agricultural products; announced categories: agro seeds, cattle feed, green manure, grains, pulses, oil seeds, herbal products.",Rice,Pak Basmati Rice,Pakistan,Broken 0–2%; silky double polished; extra well milled/cleaned/fumigated; strong aroma; 100% Sortex; 40kg bags; MOQ 25MT/20'FCL.,,,,,,,,,,,
Grain of Africa Agro Processors (GOA),Supplier,"61 Selosesha Shop Cmplx, Selosesha, Thaba'Nchu, 9783, South Africa",South Africa,Thaba'Nchu,info@goaafricasa.co.za, +27 719 462 108,https://www.goaafricasa.co.za/soybeans.php,,,"Company presented as manufacturer/supplier/exporter of agricultural products; announced categories: agro seeds, cattle feed, green manure, grains, pulses, oil seeds, herbal products.",Rice,Long Grain White Rice IRRI-6 5%,Pakistan,Broken 5%; silky double polished; extra well milled/cleaned/fumigated; 100% Sortex; 50kg PP; MOQ 25MT/20'FCL.,,,,,,,,,,,
Grain of Africa Agro Processors (GOA),Supplier,"61 Selosesha Shop Cmplx, Selosesha, Thaba'Nchu, 9783, South Africa",South Africa,Thaba'Nchu,info@goaafricasa.co.za, +27 719 462 108,https://www.goaafricasa.co.za/soybeans.php,,,"Company presented as manufacturer/supplier/exporter of agricultural products; announced categories: agro seeds, cattle feed, green manure, grains, pulses, oil seeds, herbal products.",Rice,Long Grain White Rice PK-386,Pakistan,Broken 0–2%; silky double polished; extra well milled/cleaned/fumigated; 100% Sortex; 40kg cotton/jute; MOQ 25MT/20'FCL.,,,,,,,,,,,
Grain of Africa Agro Processors (GOA),Supplier,"61 Selosesha Shop Cmplx, Selosesha, Thaba'Nchu, 9783, South Africa",South Africa,Thaba'Nchu,info@goaafricasa.co.za, +27 719 462 108,https://www.goaafricasa.co.za/soybeans.php,,,"Company presented as manufacturer/supplier/exporter of agricultural products; announced categories: agro seeds, cattle feed, green manure, grains, pulses, oil seeds, herbal products.",Rice,Long Grain Parboiled Rice IRRI-6,Pakistan,Broken 5%; silky double polished; extra well milled/cleaned/fumigated; 100% Sortex; 50kg PP; MOQ 25MT/20'FCL.,,,,,,,,,,,
Grain of Africa Agro Processors (GOA),Supplier,"61 Selosesha Shop Cmplx, Selosesha, Thaba'Nchu, 9783, South Africa",South Africa,Thaba'Nchu,info@goaafricasa.co.za, +27 719 462 108,https://www.goaafricasa.co.za/soybeans.php,,,"Company presented as manufacturer/supplier/exporter of agricultural products; announced categories: agro seeds, cattle feed, green manure, grains, pulses, oil seeds, herbal products.",Rice,1121 Basmati Parboiled,India,Broken 0–2%; silky double polished; extra well milled/cleaned/fumigated; strong aroma; 100% Sortex; 40kg printed cotton; MOQ 25MT/20'FCL.,,,,,,,,,,,
Grain of Africa Agro Processors (GOA),Supplier,"61 Selosesha Shop Cmplx, Selosesha, Thaba'Nchu, 9783, South Africa",South Africa,Thaba'Nchu,info@goaafricasa.co.za, +27 719 462 108,https://www.goaafricasa.co.za/soybeans.php,,,"Company presented as manufacturer/supplier/exporter of agricultural products; announced categories: agro seeds, cattle feed, green manure, grains, pulses, oil seeds, herbal products.",Rice,Super Kernel Basmati Parboiled,India,Broken 0–2%; same quality profile; 40kg printed cotton; MOQ 25MT/20'FCL.,,,,,,,,,,,
Grain of Africa Agro Processors (GOA),Supplier,"61 Selosesha Shop Cmplx, Selosesha, Thaba'Nchu, 9783, South Africa",South Africa,Thaba'Nchu,info@goaafricasa.co.za, +27 719 462 108,https://www.goaafricasa.co.za/soybeans.php,,,"Company presented as manufacturer/supplier/exporter of agricultural products; announced categories: agro seeds, cattle feed, green manure, grains, pulses, oil seeds, herbal products.",Rice,Long Grain Parboiled Rice KS-282,India,Broken 0–2%; silky double polished; extra well milled/cleaned/fumigated; 100% Sortex; 50kg PP; MOQ 25MT/20'FCL.,,,,,,,,,,,
Grain of Africa Agro Processors (GOA),Supplier,"61 Selosesha Shop Cmplx, Selosesha, Thaba'Nchu, 9783, South Africa",South Africa,Thaba'Nchu,info@goaafricasa.co.za, +27 719 462 108,https://www.goaafricasa.co.za/soybeans.php,,,"Company presented as manufacturer/supplier/exporter of agricultural products; announced categories: agro seeds, cattle feed, green manure, grains, pulses, oil seeds, herbal products.",Rice,Non Basmati Rice,India,White/parboiled; double/silky polished; colour Sortexed; broken ≤2%; AGL 6.8mm; 1–50kg packaging options.,,,,,,,,,,,
Grain of Africa Agro Processors (GOA),Supplier,"61 Selosesha Shop Cmplx, Selosesha, Thaba'Nchu, 9783, South Africa",South Africa,Thaba'Nchu,info@goaafricasa.co.za, +27 719 462 108,https://www.goaafricasa.co.za/soybeans.php,,,"Company presented as manufacturer/supplier/exporter of agricultural products; announced categories: agro seeds, cattle feed, green manure, grains, pulses, oil seeds, herbal products.",Rice,Basmati Rice,India,Moisture ≤12%; broken nil; grain length 7.2mm; L/B ≥4.5; 5/10kg; 0–2% broken sorted.,,,,,,,,,,,
Grain of Africa Agro Processors (GOA),Supplier,"61 Selosesha Shop Cmplx, Selosesha, Thaba'Nchu, 9783, South Africa",South Africa,Thaba'Nchu,info@goaafricasa.co.za, +27 719 462 108,https://www.goaafricasa.co.za/soybeans.php,,,"Company presented as manufacturer/supplier/exporter of agricultural products; announced categories: agro seeds, cattle feed, green manure, grains, pulses, oil seeds, herbal products.",Rice,Basmati Rice 1121 Grade A,India,100% pure Sortex; length 8.3mm; whiteness 39 Kett; moisture ≤12%; damaged/discoloured ≤0.5%; broken ≤0.5%; FM nil; double polished; purity 95%.,,,,,,,,,,,
Grain of Africa Agro Processors (GOA),Supplier,"61 Selosesha Shop Cmplx, Selosesha, Thaba'Nchu, 9783, South Africa",South Africa,Thaba'Nchu,info@goaafricasa.co.za, +27 719 462 108,https://www.goaafricasa.co.za/soybeans.php,,,"Company presented as manufacturer/supplier/exporter of agricultural products; announced categories: agro seeds, cattle feed, green manure, grains, pulses, oil seeds, herbal products.",Animal Feed,Meat and Bone Meal,,Protein ≥55%; moisture ≤10%; ash ≤25%; fat ≤10%; P ≥4%; Ca ≥8%; 50kg PP.,,,,,,,,,,,
Grain of Africa Agro Processors (GOA),Supplier,"61 Selosesha Shop Cmplx, Selosesha, Thaba'Nchu, 9783, South Africa",South Africa,Thaba'Nchu,info@goaafricasa.co.za, +27 719 462 108,https://www.goaafricasa.co.za/soybeans.php,,,"Company presented as manufacturer/supplier/exporter of agricultural products; announced categories: agro seeds, cattle feed, green manure, grains, pulses, oil seeds, herbal products.",Animal Feed,Organic Blood Meal,,Protein ≥85%; moisture ≤12%; ash 6%; 50kg PP.,,,,,,,,,,,
Grain of Africa Agro Processors (GOA),Supplier,"61 Selosesha Shop Cmplx, Selosesha, Thaba'Nchu, 9783, South Africa",South Africa,Thaba'Nchu,info@goaafricasa.co.za, +27 719 462 108,https://www.goaafricasa.co.za/soybeans.php,,,"Company presented as manufacturer/supplier/exporter of agricultural products; announced categories: agro seeds, cattle feed, green manure, grains, pulses, oil seeds, herbal products.",Animal Feed,Corn Gluten Meal,,Corn protein meal/powder; numeric specs not stated on accessible section.,,,,,,,,,,,
Grain of Africa Agro Processors (GOA),Supplier,"61 Selosesha Shop Cmplx, Selosesha, Thaba'Nchu, 9783, South Africa",South Africa,Thaba'Nchu,info@goaafricasa.co.za, +27 719 462 108,https://www.goaafricasa.co.za/soybeans.php,,,"Company presented as manufacturer/supplier/exporter of agricultural products; announced categories: agro seeds, cattle feed, green manure, grains, pulses, oil seeds, herbal products.",Animal Feed,Feather Meal,,Protein ≥80%; fat ≤10%; ash ≤17%; moisture 10%; 50kg PP.,,,,,,,,,,,
Grain of Africa Agro Processors (GOA),Supplier,"61 Selosesha Shop Cmplx, Selosesha, Thaba'Nchu, 9783, South Africa",South Africa,Thaba'Nchu,info@goaafricasa.co.za, +27 719 462 108,https://www.goaafricasa.co.za/soybeans.php,,,"Company presented as manufacturer/supplier/exporter of agricultural products; announced categories: agro seeds, cattle feed, green manure, grains, pulses, oil seeds, herbal products.",Animal Feed,Broiler Starter Crumbles,,For day-old to 21 days; ad libitum; weights 50/25/10/5/2/1; 500×250.,,,,,,,,,,,
Grain of Africa Agro Processors (GOA),Supplier,"61 Selosesha Shop Cmplx, Selosesha, Thaba'Nchu, 9783, South Africa",South Africa,Thaba'Nchu,info@goaafricasa.co.za, +27 719 462 108,https://www.goaafricasa.co.za/soybeans.php,,,"Company presented as manufacturer/supplier/exporter of agricultural products; announced categories: agro seeds, cattle feed, green manure, grains, pulses, oil seeds, herbal products.",Animal Feed,Broiler Finisher Pellets,,For days 22–32; weights 50/25/10/5/2/1; 500×250.,,,,,,,,,,,
Grain of Africa Agro Processors (GOA),Supplier,"61 Selosesha Shop Cmplx, Selosesha, Thaba'Nchu, 9783, South Africa",South Africa,Thaba'Nchu,info@goaafricasa.co.za, +27 719 462 108,https://www.goaafricasa.co.za/soybeans.php,,,"Company presented as manufacturer/supplier/exporter of agricultural products; announced categories: agro seeds, cattle feed, green manure, grains, pulses, oil seeds, herbal products.",Animal Feed,Broiler Post Finisher Pellets,,From day 33 to sale; ~1.75kg/bird over 33–42 days; weights 50/25/10/5/2/1.,,,,,,,,,,,
Grain of Africa Agro Processors (GOA),Supplier,"61 Selosesha Shop Cmplx, Selosesha, Thaba'Nchu, 9783, South Africa",South Africa,Thaba'Nchu,info@goaafricasa.co.za, +27 719 462 108,https://www.goaafricasa.co.za/soybeans.php,,,"Company presented as manufacturer/supplier/exporter of agricultural products; announced categories: agro seeds, cattle feed, green manure, grains, pulses, oil seeds, herbal products.",Animal Feed,Broiler Maintenance Pellets,,Lower-spec feed for older broilers; weights 50/25/10/5/2/1.,,,,,,,,,,,
Grain of Africa Agro Processors (GOA),Supplier,"61 Selosesha Shop Cmplx, Selosesha, Thaba'Nchu, 9783, South Africa",South Africa,Thaba'Nchu,info@goaafricasa.co.za, +27 719 462 108,https://www.goaafricasa.co.za/soybeans.php,,,"Company presented as manufacturer/supplier/exporter of agricultural products; announced categories: agro seeds, cattle feed, green manure, grains, pulses, oil seeds, herbal products.",Animal Feed,Chick Starter Mash,,Listed; detailed specification not visible.,,,,,,,,,,,
Grain of Africa Agro Processors (GOA),Supplier,"61 Selosesha Shop Cmplx, Selosesha, Thaba'Nchu, 9783, South Africa",South Africa,Thaba'Nchu,info@goaafricasa.co.za, +27 719 462 108,https://www.goaafricasa.co.za/soybeans.php,,,"Company presented as manufacturer/supplier/exporter of agricultural products; announced categories: agro seeds, cattle feed, green manure, grains, pulses, oil seeds, herbal products.",Animal Feed,Grower Mash,,Listed; detailed specification not visible.,,,,,,,,,,,
Grain of Africa Agro Processors (GOA),Supplier,"61 Selosesha Shop Cmplx, Selosesha, Thaba'Nchu, 9783, South Africa",South Africa,Thaba'Nchu,info@goaafricasa.co.za, +27 719 462 108,https://www.goaafricasa.co.za/soybeans.php,,,"Company presented as manufacturer/supplier/exporter of agricultural products; announced categories: agro seeds, cattle feed, green manure, grains, pulses, oil seeds, herbal products.",Animal Feed,Layer 115 Mash,,Listed; detailed specification not visible.,,,,,,,,,,,
Grain of Africa Agro Processors (GOA),Supplier,"61 Selosesha Shop Cmplx, Selosesha, Thaba'Nchu, 9783, South Africa",South Africa,Thaba'Nchu,info@goaafricasa.co.za, +27 719 462 108,https://www.goaafricasa.co.za/soybeans.php,,,"Company presented as manufacturer/supplier/exporter of agricultural products; announced categories: agro seeds, cattle feed, green manure, grains, pulses, oil seeds, herbal products.",Animal Feed,Whole Maize / Crush Maize / Mixed Fowl Feed,,Listed as maize products; detailed specs not visible.,,,,,,,,,,,
Grain of Africa Agro Processors (GOA),Supplier,"61 Selosesha Shop Cmplx, Selosesha, Thaba'Nchu, 9783, South Africa",South Africa,Thaba'Nchu,info@goaafricasa.co.za, +27 719 462 108,https://www.goaafricasa.co.za/soybeans.php,,,"Company presented as manufacturer/supplier/exporter of agricultural products; announced categories: agro seeds, cattle feed, green manure, grains, pulses, oil seeds, herbal products.",Wheat By-products,Wheat Bran,,DM 89%; CP 15.5%; fat 3.5%; crude fibre 11%; NDF 45.4%; ADF 13.4%; Ca 0.1%; P 1.10%; TDN 62%.,,,,,,,,,,,
Grain of Africa Agro Processors (GOA),Supplier,"61 Selosesha Shop Cmplx, Selosesha, Thaba'Nchu, 9783, South Africa",South Africa,Thaba'Nchu,info@goaafricasa.co.za, +27 719 462 108,https://www.goaafricasa.co.za/soybeans.php,,,"Company presented as manufacturer/supplier/exporter of agricultural products; announced categories: agro seeds, cattle feed, green manure, grains, pulses, oil seeds, herbal products.",Wheat By-products,Wheat Middlings,,DM 89%; CP 16.5%; fat 4.5%; crude fibre 7.5%; NDF 32%; ADF 9.9%; Ca 0.1%; P 0.80%; TDN 72.8%.,,,,,,,,,,,
Grain of Africa Agro Processors (GOA),Supplier,"61 Selosesha Shop Cmplx, Selosesha, Thaba'Nchu, 9783, South Africa",South Africa,Thaba'Nchu,info@goaafricasa.co.za, +27 719 462 108,https://www.goaafricasa.co.za/soybeans.php,,,"Company presented as manufacturer/supplier/exporter of agricultural products; announced categories: agro seeds, cattle feed, green manure, grains, pulses, oil seeds, herbal products.",Cereals,Sorghum – White,,White sorghum; bold/medium sizes.,,,,,,,,,,,
Grain of Africa Agro Processors (GOA),Supplier,"61 Selosesha Shop Cmplx, Selosesha, Thaba'Nchu, 9783, South Africa",South Africa,Thaba'Nchu,info@goaafricasa.co.za, +27 719 462 108,https://www.goaafricasa.co.za/soybeans.php,,,"Company presented as manufacturer/supplier/exporter of agricultural products; announced categories: agro seeds, cattle feed, green manure, grains, pulses, oil seeds, herbal products.",Cereals,Sorghum – Creamy Yellow,,Creamy yellow sorghum; bold/medium sizes.,,,,,,,,,,,
Grain of Africa Agro Processors (GOA),Supplier,"61 Selosesha Shop Cmplx, Selosesha, Thaba'Nchu, 9783, South Africa",South Africa,Thaba'Nchu,info@goaafricasa.co.za, +27 719 462 108,https://www.goaafricasa.co.za/soybeans.php,,,"Company presented as manufacturer/supplier/exporter of agricultural products; announced categories: agro seeds, cattle feed, green manure, grains, pulses, oil seeds, herbal products.",Cereals,Sorghum – Red,,Red sorghum; mainly beer use; bold/medium sizes.,,,,,,,,,,,
Grain of Africa Agro Processors (GOA),Supplier,"61 Selosesha Shop Cmplx, Selosesha, Thaba'Nchu, 9783, South Africa",South Africa,Thaba'Nchu,info@goaafricasa.co.za, +27 719 462 108,https://www.goaafricasa.co.za/soybeans.php,,,"Company presented as manufacturer/supplier/exporter of agricultural products; announced categories: agro seeds, cattle feed, green manure, grains, pulses, oil seeds, herbal products.",Oil,Refined Sunflower Oil,,Acid index 0.12–0.18; acidity 0.06–0.09%; soap 0–20ppm; saponification 188–192; iodine 110–143; peroxide 2–7; density 0.913–0.919; cold test 24h at 0–4°C.,,,,,,,,,,,
Grain of Africa Agro Processors (GOA),Supplier,"61 Selosesha Shop Cmplx, Selosesha, Thaba'Nchu, 9783, South Africa",South Africa,Thaba'Nchu,info@goaafricasa.co.za, +27 719 462 108,https://www.goaafricasa.co.za/soybeans.php,,,"Company presented as manufacturer/supplier/exporter of agricultural products; advertised categories: agro seeds, cattle feed, green manure, grains, pulses, oil seeds, herbal products.",Sugar,White Refined Cane Sugar ICUMSA 45,,Brazil origin; 50kg; polarity ≥99.80%; ash ≤0.04%; moisture ≤0.04%; ICUMSA colour 45; reducing sugar ≤0.010%; SO2 20mg/kg; microbiological limits stated; crop 2024/2025.,,,,,,,,,,,
Grain of Africa Agro Processors (GOA),Supplier,"61 Selosesha Shop Cmplx, Selosesha, Thaba'Nchu, 9783, South Africa",South Africa,Thaba'Nchu,info@goaafricasa.co.za, +27 719 462 108,https://www.goaafricasa.co.za/soybeans.php,,,"Company presented as manufacturer/supplier/exporter of agricultural products; advertised categories: agro seeds, cattle feed, green manure, grains, pulses, oil seeds, herbal products.",Sugar,Raw Brown Cane Sugar ICUMSA 600–1200,,Polarity 97.8–99.2%; sulphate ≤0.15%; ash ≤0.15%; moisture ≤0.15%; reducing sugar ≤0.05%; crop 2024/2025.,,,,,,,,,,,
Grain of Africa Agro Processors (GOA),Supplier,"61 Selosesha Shop Cmplx, Selosesha, Thaba'Nchu, 9783, South Africa",South Africa,Thaba'Nchu,info@goaafricasa.co.za, +27 719 462 108,https://www.goaafricasa.co.za/soybeans.php,,,"Company presented as manufacturer/supplier/exporter of agricultural products; advertised categories: agro seeds, cattle feed, green manure, grains, pulses, oil seeds, herbal products.",Agro by-product,Palm Kernel Shell,,Bulk; top grade; 23 tons/40HQ.,,,,,,,,,,,
Grain of Africa Agro Processors (GOA),Supplier,"61 Selosesha Shop Cmplx, Selosesha, Thaba'Nchu, 9783, South Africa",South Africa,Thaba'Nchu,info@goaafricasa.co.za, +27 719 462 108,https://www.goaafricasa.co.za/soybeans.php,,,"Company presented as manufacturer/supplier/exporter of agricultural products; advertised categories: agro seeds, cattle feed, green manure, grains, pulses, oil seeds, herbal products.",Fruit,Fresh Young Coconut,,Diamond cut; young coconut; organic; white/green; 1.5kg; nut size 800g–1.2kg.,,,,,,,,,,,
Grain of Africa Agro Processors (GOA),Supplier,"61 Selosesha Shop Cmplx, Selosesha, Thaba'Nchu, 9783, South Africa",South Africa,Thaba'Nchu,info@goaafricasa.co.za, +27 719 462 108,https://www.goaafricasa.co.za/soybeans.php,,,"Company presented as manufacturer/supplier/exporter of agricultural products; advertised categories: agro seeds, cattle feed, green manure, grains, pulses, oil seeds, herbal products.",Beverage,Roasted Coffee Beans,,Arabica; roasted; Grade AAA; mature; max moisture 2%; 60kg net; shelf life 24 months.,,,,,,,,,,,
Grain of Africa Agro Processors (GOA),Supplier,"61 Selosesha Shop Cmplx, Selosesha, Thaba'Nchu, 9783, South Africa",South Africa,Thaba'Nchu,info@goaafricasa.co.za, +27 719 462 108,https://www.goaafricasa.co.za/soybeans.php,,,"Company presented as manufacturer/supplier/exporter of agricultural products; advertised categories: agro seeds, cattle feed, green manure, grains, pulses, oil seeds, herbal products.",Cocoa/Chocolate,Cocoa/Cacao/Chocolate Bean,Brazil,,,,,,,,,,,,
Grain of Africa Agro Processors (GOA),Supplier,"61 Selosesha Shop Cmplx, Selosesha, Thaba'Nchu, 9783, South Africa",South Africa,Thaba'Nchu,info@goaafricasa.co.za, +27 719 462 108,https://www.goaafricasa.co.za/soybeans.php,,,"Company presented as manufacturer/supplier/exporter of agricultural products; advertised categories: agro seeds, cattle feed, green manure, grains, pulses, oil seeds, herbal products.",Agro Seeds,Sesame Seeds,,,,,,,,,,,,,
Grain of Africa Agro Processors (GOA),Supplier,"61 Selosesha Shop Cmplx, Selosesha, Thaba'Nchu, 9783, South Africa",South Africa,Thaba'Nchu,info@goaafricasa.co.za, +27 719 462 108,https://www.goaafricasa.co.za/soybeans.php,,,"Company presented as manufacturer/supplier/exporter of agricultural products; advertised categories: agro seeds, cattle feed, green manure, grains, pulses, oil seeds, herbal products.",Agro Seeds,Sugar Bean Seeds,,,,,,,,,,,,,
Grain of Africa Agro Processors (GOA),Supplier,"61 Selosesha Shop Cmplx, Selosesha, Thaba'Nchu, 9783, South Africa",South Africa,Thaba'Nchu,info@goaafricasa.co.za, +27 719 462 108,https://www.goaafricasa.co.za/soybeans.php,,,"Company presented as manufacturer/supplier/exporter of agricultural products; advertised categories: agro seeds, cattle feed, green manure, grains, pulses, oil seeds, herbal products.",Agro Seeds,Soya Bean Seeds,,,,,,,,,,,,,
Grain of Africa Agro Processors (GOA),Supplier,"61 Selosesha Shop Cmplx, Selosesha, Thaba'Nchu, 9783, South Africa",South Africa,Thaba'Nchu,info@goaafricasa.co.za, +27 719 462 108,https://www.goaafricasa.co.za/soybeans.php,,,"Company presented as manufacturer/supplier/exporter of agricultural products; advertised categories: agro seeds, cattle feed, green manure, grains, pulses, oil seeds, herbal products.",Agro Seeds,Niger Seeds,,,,,,,,,,,,,
Grain of Africa Agro Processors (GOA),Supplier,"61 Selosesha Shop Cmplx, Selosesha, Thaba'Nchu, 9783, South Africa",South Africa,Thaba'Nchu,info@goaafricasa.co.za, +27 719 462 108,https://www.goaafricasa.co.za/soybeans.php,,,"Company presented as manufacturer/supplier/exporter of agricultural products; advertised categories: agro seeds, cattle feed, green manure, grains, pulses, oil seeds, herbal products.",Agro Seeds,Mustard Seeds,,,,,,,,,,,,,
Groupe Ahar (Ahar International),Exporter,"Ahar International FZ LLC, VUPR1427, Immeuble Compass – Al Hulaila, Zone industrielle Al Hulaila-FZ, Ras Al Khaimah, Émirats arabes unis",Emirats Arabe Uni,Ras Al Khaimah,info@ahargroup.com," +971 45707601
+971 525231269",https://ahargroup.com/contacts/,,,Specializes in the production and export of premium quality agricultural products through its direct presence in Africa,,,,,,,,,,,,,,,
JULIOBAM CONSULT LIMITED,Supplier,"34 Adebari Close, Coconut Bus Stop, Meiran, Alimosho LGA, Lagos, Nigeria",Lagos,Nigeria,sales@juliobam.com, +234 803 431 5359,https://juliobam.com/agricultural-exports/soybeans,,,"Sesame Seeds; Ginger; Cashew Nuts; Cocoa Beans; Hibiscus Flower; Soybeans; Maize. « Other Commodities » is a generic sourcing service, not a specified product.",Oilseeds,Sesame Seeds,"Nigeria — Kano, Jigawa, Nasarawa, Benue","HS 1207.40; white sesame, hulled or natural; FFA max 2%; oil 48–52%; moisture max 8%; admixture max 1% confectionery / 2% industrial; purity min 98%; Sortex available.",,"No specific product certification stated. Each lot tested for FFA, moisture, oil content and admixture; pre-shipment inspection report and loading photos.",Nigeria,China; Japan; Turkey; India; Israel; UAE; Netherlands; Germany,FOB,,,,"Standard minimum 1 x 20 ft, roughly 20–25 MT; smaller LCL possible by confirmed contract.",50 kg PP; 25 MT container loads; custom private label.,
JULIOBAM CONSULT LIMITED,Supplier,"34 Adebari Close, Coconut Bus Stop, Meiran, Alimosho LGA, Lagos, Nigeria",Lagos,Nigeria,sales@juliobam.com, +234 803 431 5359,https://juliobam.com/agricultural-exports/soybeans,,,"Sesame Seeds; Ginger; Cashew Nuts; Cocoa Beans; Hibiscus Flower; Soybeans; Maize. « Other Commodities » is a generic sourcing service, not a specified product.",Spices and Aromatics,Ginger,Nigeria — Kaduna and Southern Kaduna,"HS 0910.11; split, whole, sliced; moisture max 10%; volatile oil 2–3% typical; foreign matter max 1%; light brown to buff.",,Fumigated and phytosanitary certified; export lots fumigated per destination requirements; certificates supplied.,Nigeria,India; Netherlands; UAE; USA; UK; Germany,FOB,,,,20 ft ≈10–12 MT in 25 kg jute bags; 40 ft available for larger contracts.,25 kg jute; 20 ft & 40 ft containers.,
JULIOBAM CONSULT LIMITED,Supplier,"34 Adebari Close, Coconut Bus Stop, Meiran, Alimosho LGA, Lagos, Nigeria",Lagos,Nigeria,sales@juliobam.com, +234 803 431 5359,https://juliobam.com/agricultural-exports/soybeans,,,"Sesame Seeds; Ginger; Cashew Nuts; Cocoa Beans; Hibiscus Flower; Soybeans; Maize. « Other Commodities » is a generic sourcing service, not a specified product.",Nuts,Cashew Nuts,"Nigeria / West Africa — Kwara, Ogun, Oyo, Enugu, Kogi",HS 0801.31; KOR 46–50 lbs typical; nut count 180–210 nuts/kg; moisture max 10%; foreign matter max 1%; defective nuts max 12%.,,Fumigated and phytosanitary certified; KOR/cutting tests and moisture readings before purchase/loading; loading photos and reports.,Nigeria,Vietnam; India; Netherlands; Germany; UAE,FOB,,,,20 ft typically 15–18 MT depending on nut count.,80 kg jute bags; full container loads.,
JULIOBAM CONSULT LIMITED,Fournisseur,"34 Adebari Close, Coconut Bus Stop, Meiran, Alimosho LGA, Lagos, Nigeria",Lagos,Nigeria,sales@juliobam.com, +234 803 431 5359,https://juliobam.com/agricultural-exports/soybeans,,,"Sesame Seeds; Ginger; Cashew Nuts; Cocoa Beans; Hibiscus Flower; Soybeans; Maize. « Other Commodities » is a generic sourcing service, not a specified product.",Cultures de rente / Denrées tropicales,Cocoa Beans (Fèves de cacao),"West Africa / Nigeria — Ondo, Cross River, Osun, Ekiti",HS 1801.00; Grade 1 & 2; Grade 1 bean count max 100 beans/100 g; moisture 7–8%; fermentation min 85% Grade 1; foreign matter max 1%; mould max 3%.,,Fumigated and phytosanitary certified. Standard supply conventional. Certified organic/Fairtrade can be arranged against confirmed volume; minimum lead time 8–10 weeks.,Nigeria,Netherlands; Germany; Malaysia; USA; Belgium; Spain,FOB,,,,25 MT container loads.,62.5 kg food-safe jute; 25 MT containers; ventilated storage.,
JULIOBAM CONSULT LIMITED,Fournisseur,"34 Adebari Close, Coconut Bus Stop, Meiran, Alimosho LGA, Lagos, Nigeria",Lagos,Nigeria,sales@juliobam.com, +234 803 431 5359,https://juliobam.com/agricultural-exports/soybeans,,,"Sesame Seeds; Ginger; Cashew Nuts; Cocoa Beans; Hibiscus Flower; Soybeans; Maize. « Other Commodities » is a generic sourcing service, not a specified product.","Plantes aromatiques, médicinales et à infusion",Hibiscus Flower (Fleur d'hibiscus / Bissap),"Nigeria — Katsina, Jigawa, Kano / Sudan savannah belt",HS 1211.90; Sudan Sudanese variety (Roselle); deep red to crimson; moisture max 12%; foreign matter max 1%; broken petals max 5%; stems max 2%.,,"No specific certification stated. Testing covers moisture, foreign matter and colour intensity; visual colour grading and sample photos per contract.",Nigeria,Germany; Mexico; USA; UK; Egypt; Turkey,FOB,,,,20 ft container loads; exact tonnage not stated.,25 kg PP or paper bags; 20 ft loads; private label.,
JULIOBAM CONSULT LIMITED,Fournisseur,"34 Adebari Close, Coconut Bus Stop, Meiran, Alimosho LGA, Lagos, Nigeria",Lagos,Nigeria,sales@juliobam.com, +234 803 431 5359,https://juliobam.com/agricultural-exports/soybeans,,,"Sesame Seeds; Ginger; Cashew Nuts; Cocoa Beans; Hibiscus Flower; Soybeans; Maize. « Other Commodities » is a generic sourcing service, not a specified product.",Oléagineux et Légumineuses (Protéagineux),Soybeans (Soja),"Nigeria — Benue, Kaduna, Niger",HS 1201.90; non-GMO yellow soybean; moisture max 13%; protein min 36%; oil min 18%; foreign matter max 2%; damaged kernels max 4%.,,"Site describes product as non-GMO, but formal Non-GMO certification must be confirmed at contract stage; pre-shipment inspection for all lots.",Nigeria,Ghana; Togo; Benin; UAE; Turkey,FOB,,,,"From 1 x 20 ft, approximately 25 MT upwards; bulk available for confirmed contracts.",50 kg PP; bulk container loads; private label.,
JULIOBAM CONSULT LIMITED,Fournisseur,"34 Adebari Close, Coconut Bus Stop, Meiran, Alimosho LGA, Lagos, Nigeria",Lagos,Nigeria,sales@juliobam.com, +234 803 431 5359,https://juliobam.com/agricultural-exports/soybeans,,,"Sesame Seeds; Ginger; Cashew Nuts; Cocoa Beans; Hibiscus Flower; Soybeans; Maize. « Other Commodities » is a generic sourcing service, not a specified product.",Céréales,Maize (Maïs),"Nigeria — Kaduna, Kano, Bauchi, Plateau",HS 1005.90; yellow/white; moisture max 14%; aflatoxin under 20 ppb food grade; broken kernels max 4%; foreign matter max 2%; test weight min 72 kg/hl.,,No specific certification stated. Lots sampled/tested at bagging; food-grade shipments meet stated Codex aflatoxin limit; COA shared before dispatch.,Nigeria,Ghana; Niger; Benin; Senegal; UAE,FOB,,,,Product-specific tonnage not stated; site gives 20–25 MT as typical 20 ft payload for agricultural commodities.,50 kg PP; bulk container loads; private label.,
Nuts & Grains Africa Trading,Fournisseur/Exporter,"4, 50 Constantia Boulevard, Quadrum Office Park, Rez-de-chaussée,
Bâtiment n° 4, Constantia Kloof Ext 28,
Johannesburg, 2000, Afrique du Sud.",Afrique du Sud,Johannesburg,sales@nutsandgrainsafrica.com, +27 83 800 9641,https://nutsandgrainsafrica.com/contact.html,,,,,,,,,,,,,,,,,,
Orbit Agro Exports,Producer / Exporter,"Km3, Papalanto Shagamu Road, Ogun State, Nigeria.",Ogun,Nigeria,sales@orbitagroexports.com, +234 805 7751 970,https://orbitagroexports.com/,,,Nigeria's largest sesame seed processor and exporter,,,,,,,,,,,,,,,
RESOPP,Cooperative,Zone industrielle Thiès Vers la maison d'arrêt,Senegal,Kaolack,resopp@resopp-sn.org, +221 33 951 85 58,https://www.resopp-sn.org/,,,Réunion de plusieurs coopératives agricoles ,,,,,,,,,,,,,,,
SCOOPAAK (ivoire agro),Cooperative,Abidjan - Côte d'Ivoire,Côte d'Ivoire,Abidjan,info@scoopaakivoire.com, +225 05 66 65 08 74,https://scoopaakivoire.com/,Diallo Oumar,,Maïs; Gingembre; Piment; Légumes; Ananas; Mangue; Papaye; Banane; Poudre de cacao; Poudre de café; Engrais organiques; Engrais biologiques,Céréales,Maïs,Côte d'Ivoire,À communiquer selon le produit et les exigences de qualité.,"20–300 t/an (capacité globale, non ventilée par produit)",A confirmer par produit,Côte d'Ivoire; lieu précis selon collecte.,NON — pas habilitée actuellement à exporter directement.,Fob,70 % à la signature; 30 % après déchargement.,La société peut être un partenaire en côte d'ivoir en fonction de ce qu'on veut comme produit. ,"déterminés en fonction du produit, de la qualité, du volume demandé et des conditions de livraison",20 t,,
SCOOPAAK (ivoire agro),Cooperative,Abidjan - Côte d'Ivoire,Côte d'Ivoire,Abidjan,info@scoopaakivoire.com, +225 05 66 65 08 74,https://scoopaakivoire.com/,Diallo Oumar,,Maïs; Gingembre; Piment; Légumes; Ananas; Mangue; Papaye; Banane; Poudre de cacao; Poudre de café; Engrais organiques; Engrais biologiques,Épices,Gingembre,Côte d'Ivoire,À communiquer selon le produit et les exigences de qualité.,"20–300 t/an (capacité globale, non ventilée par produit)",A confirmer par produit,Côte d'Ivoire; lieu précis selon collecte.,NON — pas habilitée actuellement à exporter directement.,Fob,70 % à la signature; 30 % après déchargement.,La société peut être un partenaire en côte d'ivoir en fonction de ce qu'on veut comme produit. ,"déterminés en fonction du produit, de la qualité, du volume demandé et des conditions de livraison",20 t,,
SCOOPAAK (ivoire agro),Cooperative,Abidjan - Côte d'Ivoire,Côte d'Ivoire,Abidjan,info@scoopaakivoire.com, +225 05 66 65 08 74,https://scoopaakivoire.com/,Diallo Oumar,,Maïs; Gingembre; Piment; Légumes; Ananas; Mangue; Papaye; Banane; Poudre de cacao; Poudre de café; Engrais organiques; Engrais biologiques,Épices / légumes,Piment,Côte d'Ivoire,À communiquer selon le produit et les exigences de qualité.,"20–300 t/an (capacité globale, non ventilée par produit)",A confirmer par produit,Côte d'Ivoire; lieu précis selon collecte.,NON — pas habilitée actuellement à exporter directement.,Fob,70 % à la signature; 30 % après déchargement.,La société peut être un partenaire en côte d'ivoir en fonction de ce qu'on veut comme produit. ,"déterminés en fonction du produit, de la qualité, du volume demandé et des conditions de livraison",20 t,,
SCOOPAAK (ivoire agro),Cooperative,Abidjan - Côte d'Ivoire,Côte d'Ivoire,Abidjan,info@scoopaakivoire.com, +225 05 66 65 08 74,https://scoopaakivoire.com/,Diallo Oumar,,Maïs; Gingembre; Piment; Légumes; Ananas; Mangue; Papaye; Banane; Poudre de cacao; Poudre de café; Engrais organiques; Engrais biologiques,Légumes,Légumes,Côte d'Ivoire,À communiquer selon le produit et les exigences de qualité.,"20–300 t/an (capacité globale, non ventilée par produit)",A confirmer par produit,Côte d'Ivoire; lieu précis selon collecte.,NON — pas habilitée actuellement à exporter directement.,Fob,70 % à la signature; 30 % après déchargement.,La société peut être un partenaire en côte d'ivoir en fonction de ce qu'on veut comme produit. ,"déterminés en fonction du produit, de la qualité, du volume demandé et des conditions de livraison",20 t,,
SCOOPAAK (ivoire agro),Cooperative,Abidjan - Côte d'Ivoire,Côte d'Ivoire,Abidjan,info@scoopaakivoire.com, +225 05 66 65 08 74,https://scoopaakivoire.com/,Diallo Oumar,,Maïs; Gingembre; Piment; Légumes; Ananas; Mangue; Papaye; Banane; Poudre de cacao; Poudre de café; Engrais organiques; Engrais biologiques,Fruits,Ananas,Côte d'Ivoire,À communiquer selon le produit et les exigences de qualité.,"20–300 t/an (capacité globale, non ventilée par produit)",A confirmer par produit,Côte d'Ivoire; lieu précis selon collecte.,NON — pas habilitée actuellement à exporter directement.,Fob,70 % à la signature; 30 % après déchargement.,La société peut être un partenaire en côte d'ivoir en fonction de ce qu'on veut comme produit. ,"déterminés en fonction du produit, de la qualité, du volume demandé et des conditions de livraison",20 t,,
SCOOPAAK (ivoire agro),Cooperative,Abidjan - Côte d'Ivoire,Côte d'Ivoire,Abidjan,info@scoopaakivoire.com, +225 05 66 65 08 74,https://scoopaakivoire.com/,Diallo Oumar,,Maïs; Gingembre; Piment; Légumes; Ananas; Mangue; Papaye; Banane; Poudre de cacao; Poudre de café; Engrais organiques; Engrais biologiques,Fruits,Mangue,Côte d'Ivoire,À communiquer selon le produit et les exigences de qualité.,"20–300 t/an (capacité globale, non ventilée par produit)",A confirmer par produit,Côte d'Ivoire; lieu précis selon collecte.,NON — pas habilitée actuellement à exporter directement.,Fob,70 % à la signature; 30 % après déchargement.,La société peut être un partenaire en côte d'ivoir en fonction de ce qu'on veut comme produit. ,"déterminés en fonction du produit, de la qualité, du volume demandé et des conditions de livraison",20 t,,
SCOOPAAK (ivoire agro),Cooperative,Abidjan - Côte d'Ivoire,Côte d'Ivoire,Abidjan,info@scoopaakivoire.com, +225 05 66 65 08 74,https://scoopaakivoire.com/,Diallo Oumar,,Maïs; Gingembre; Piment; Légumes; Ananas; Mangue; Papaye; Banane; Poudre de cacao; Poudre de café; Engrais organiques; Engrais biologiques,Fruits,Papaye,Côte d'Ivoire,À communiquer selon le produit et les exigences de qualité.,"20–300 t/an (capacité globale, non ventilée par produit)",A confirmer par produit,Côte d'Ivoire; lieu précis selon collecte.,NON — pas habilitée actuellement à exporter directement.,Fob,70 % à la signature; 30 % après déchargement.,La société peut être un partenaire en côte d'ivoir en fonction de ce qu'on veut comme produit. ,"déterminés en fonction du produit, de la qualité, du volume demandé et des conditions de livraison",20 t,,
SCOOPAAK (ivoire agro),Cooperative,Abidjan - Côte d'Ivoire,Côte d'Ivoire,Abidjan,info@scoopaakivoire.com, +225 05 66 65 08 74,https://scoopaakivoire.com/,Diallo Oumar,,Maïs; Gingembre; Piment; Légumes; Ananas; Mangue; Papaye; Banane; Poudre de cacao; Poudre de café; Engrais organiques; Engrais biologiques,Fruits,Banane,Côte d'Ivoire,À communiquer selon le produit et les exigences de qualité.,"20–300 t/an (capacité globale, non ventilée par produit)",A confirmer par produit,Côte d'Ivoire; lieu précis selon collecte.,NON — pas habilitée actuellement à exporter directement.,Fob,70 % à la signature; 30 % après déchargement.,La société peut être un partenaire en côte d'ivoir en fonction de ce qu'on veut comme produit. ,"déterminés en fonction du produit, de la qualité, du volume demandé et des conditions de livraison",20 t,,
SCOOPAAK (ivoire agro),Cooperative,Abidjan - Côte d'Ivoire,Côte d'Ivoire,Abidjan,info@scoopaakivoire.com, +225 05 66 65 08 74,https://scoopaakivoire.com/,Diallo Oumar,,Maïs; Gingembre; Piment; Légumes; Ananas; Mangue; Papaye; Banane; Poudre de cacao; Poudre de café; Engrais organiques; Engrais biologiques,Produits transformés,Poudre de cacao,Côte d'Ivoire,À communiquer selon le produit et les exigences de qualité.,"20–300 t/an (capacité globale, non ventilée par produit)",A confirmer par produit,Côte d'Ivoire; lieu précis selon collecte.,NON — pas habilitée actuellement à exporter directement.,Fob,70 % à la signature; 30 % après déchargement.,La société peut être un partenaire en côte d'ivoir en fonction de ce qu'on veut comme produit. ,"déterminés en fonction du produit, de la qualité, du volume demandé et des conditions de livraison",20 t,,
SCOOPAAK (ivoire agro),Cooperative,Abidjan - Côte d'Ivoire,Côte d'Ivoire,Abidjan,info@scoopaakivoire.com, +225 05 66 65 08 74,https://scoopaakivoire.com/,Diallo Oumar,,Maïs; Gingembre; Piment; Légumes; Ananas; Mangue; Papaye; Banane; Poudre de cacao; Poudre de café; Engrais organiques; Engrais biologiques,Produits transformés,Poudre de café,Côte d'Ivoire,À communiquer selon le produit et les exigences de qualité.,"20–300 t/an (capacité globale, non ventilée par produit)",A confirmer par produit,Côte d'Ivoire; lieu précis selon collecte.,NON — pas habilitée actuellement à exporter directement.,Fob,70 % à la signature; 30 % après déchargement.,La société peut être un partenaire en côte d'ivoir en fonction de ce qu'on veut comme produit. ,"déterminés en fonction du produit, de la qualité, du volume demandé et des conditions de livraison",20 t,,
SCOOPAAK (ivoire agro),Cooperative,Abidjan - Côte d'Ivoire,Côte d'Ivoire,Abidjan,info@scoopaakivoire.com, +225 05 66 65 08 74,https://scoopaakivoire.com/,Diallo Oumar,,Maïs; Gingembre; Piment; Légumes; Ananas; Mangue; Papaye; Banane; Poudre de cacao; Poudre de café; Engrais organiques; Engrais biologiques,Fertilisants,Engrais organiques,Côte d'Ivoire,À communiquer selon le produit et les exigences de qualité.,"20–300 t/an (capacité globale, non ventilée par produit)",A confirmer par produit,Côte d'Ivoire; lieu précis selon collecte.,NON — pas habilitée actuellement à exporter directement.,Fob,70 % à la signature; 30 % après déchargement.,La société peut être un partenaire en côte d'ivoir en fonction de ce qu'on veut comme produit. ,"déterminés en fonction du produit, de la qualité, du volume demandé et des conditions de livraison",20 t,,
SCOOPAAK (ivoire agro),Cooperative,Abidjan - Côte d'Ivoire,Côte d'Ivoire,Abidjan,info@scoopaakivoire.com, +225 05 66 65 08 74,https://scoopaakivoire.com/,Diallo Oumar,,Maïs; Gingembre; Piment; Légumes; Ananas; Mangue; Papaye; Banane; Poudre de cacao; Poudre de café; Engrais organiques; Engrais biologiques,Fertilisants,Engrais biologiques,Côte d'Ivoire,À communiquer selon le produit et les exigences de qualité.,"20–300 t/an (capacité globale, non ventilée par produit)",A confirmer par produit,Côte d'Ivoire; lieu précis selon collecte.,NON — pas habilitée actuellement à exporter directement.,Fob,70 % à la signature; 30 % après déchargement.,La société peut être un partenaire en côte d'ivoir en fonction de ce qu'on veut comme produit. ,"déterminés en fonction du produit, de la qualité, du volume demandé et des conditions de livraison",20 t,,
Soybean Africa Ltd,Fournisseur,"Gayaza B, Route Gayaza-Zirobwe, Mairie de Kasangati, Kyadondo Est, District de Wakiso",Wakiso,Ouganda,info@soybeanafrica.com,  +256 393 194472,https://soybeanafrica.com/contact/,,,Fourniture semences de soja et produits dérivés,,,,,,,,,,,,,,,
Touton Négoce Côte d'Ivoire,Trader / Exporter,"1, rue René Magne
Cidex 13 33083 Bordeaux Cedex FRANCE",Bordeaux Cedex,France,contact@touton.com,  +33 5 56 69 33 69,https://touton.com/company/contact-us,,,commerce d'ingrédients tropicaux pour l'industrie agroalimentaire,,,,,,,,,,,,,,,
Valency International ,Producer / Exporter,"0 Anson Road, #18-26 International Plaza Singapour 079903",Singapour,,Contact@valencyinternational.com, +65-6692 9460,https://valencyinternational.com/sesame,,,Société malienne. Bon produit mais logistique Mali complexe.fournisseur de premier plan de graines de sésame,,,,,,,,,,,,,,,
Vink Corporation,Fournisseur,"1805, Jumeirah Business Center 5 Cluster W, Jumeirah Lake Towers, BP 128194, Dubaï, Émirats arabes unis",Emirats Arabe Uni,Dubai,info@vinkcorporation.com, +971 4 420 1140/41/42,https://vinkcorporation.com/,,,"commerce de produits agricoles tels que les noix de cajou brutes, les noix de cajou transformées, les fèves de cacao, les graines de sésame, le soja et les tourteaux de coton, etc.",,,,,,,,,,,,,,,
GAVI Global Resources Ltd,"Agrégateur majeur, Négociant de premier rang et Fournisseur certifié à l'export","10 Baale Street, Ojodu, Lagos, Nigeria",Nigeria,Ojodu,sales@gaviglobal.com, +234 706 495 6005,https://gaviglobal.com/,,,"Commerce international, fourniture de matière premières agricoles",Graines de Sésame (Sesame Seeds),Oléagineux / Graines,Nigeria,"Pureté min 98-99%, Humidité max 6%, Taux d'huile min 50%, Trié par machine/Sortex.",,"Licence d'exportation officielle NEPC No RN 0003919, Enregistrement CAC corporatif /Certificat de Poids & Qualité (SGS/Intertek), Certificat Phytosanitaire, Certificat d'Origine, COA","Port de Lagos (Apapa / Tin Can Island), Nigéria",,"FOB Port de Lagos (Apapa / Tin Can), CFR, CIF (sur demande)",100% L/C irrévocable et confirmée à vue OU 40% acompte T/T et 60% contre documents (BL),,Sur cotation commerciale (RFQ) indexée sur les cours du marché international,1 conteneur complet (FCL 20 pieds / env. 19-20 MT),Sacs PP tissés de 50 kg,
GAVI Global Resources Ltd,"Agrégateur majeur, Négociant de premier rang et Fournisseur certifié à l'export","10 Baale Street, Ojodu, Lagos, Nigeria",Nigeria,Ojodu,sales@gaviglobal.com, +234 706 495 6005,https://gaviglobal.com/,,,"Commerce international, fourniture de matière premières agricoles",Noix de Cajou Brutes (Cashew Nuts),Noix et fruits à coque,Nigeria,"Nut count: 180-200/kg, KOR (Outturn): 48-52 lbs min, Humidité 8-10%, Matières étrangères < 1%.",,"Licence d'exportation officielle NEPC No RN 0003919, Enregistrement CAC corporatif /Certificat de Poids & Qualité (SGS/Intertek), Certificat Phytosanitaire, Certificat d'Origine, COA","Port de Lagos (Apapa / Tin Can Island), Nigéria",,"FOB Port de Lagos (Apapa / Tin Can), CFR, CIF (sur demande)",100% L/C irrévocable et confirmée à vue OU 40% acompte T/T et 60% contre documents (BL),,Sur cotation commerciale (RFQ) indexée sur les cours du marché international,1 conteneur complet (FCL 20 pieds / env. 19-20 MT),Sacs de jute de 80 kg,
GAVI Global Resources Ltd,"Agrégateur majeur, Négociant de premier rang et Fournisseur certifié à l'export","10 Baale Street, Ojodu, Lagos, Nigeria",Nigeria,Ojodu,sales@gaviglobal.com, +234 706 495 6005,https://gaviglobal.com/,,,"Commerce international, fourniture de matière premières agricoles",Gingembre Séché (Dried Split Ginger),Épices et condiments,Nigeria,"Humidité max 12%, Impuretés < 2%, Sans moisissures, Saveur piquante naturelle caractéristique.",,"Licence d'exportation officielle NEPC No RN 0003919, Enregistrement CAC corporatif /Certificat de Poids & Qualité (SGS/Intertek), Certificat Phytosanitaire, Certificat d'Origine, COA","Port de Lagos (Apapa / Tin Can Island), Nigéria",,"FOB Port de Lagos (Apapa / Tin Can), CFR, CIF (sur demande)",100% L/C irrévocable et confirmée à vue OU 40% acompte T/T et 60% contre documents (BL),,Sur cotation commerciale (RFQ) indexée sur les cours du marché international,1 conteneur complet (FCL 20 pieds / env. 19-20 MT),Sacs PP de 40/50 kg ou sacs en jute,
GAVI Global Resources Ltd,"Agrégateur majeur, Négociant de premier rang et Fournisseur certifié à l'export","10 Baale Street, Ojodu, Lagos, Nigeria",Nigeria,Ojodu,sales@gaviglobal.com, +234 706 495 6005,https://gaviglobal.com/,,,"Commerce international, fourniture de matière premières agricoles",Manioc (Cassava Chips/Flour),Tubercules et racines,Nigeria,"Richesse en amidon min 70%, Humidité max 14%, Taux de sable/silice < 2%, Sans insectes.",,"Licence d'exportation officielle NEPC No RN 0003919, Enregistrement CAC corporatif /Certificat de Poids & Qualité (SGS/Intertek), Certificat Phytosanitaire, Certificat d'Origine, COA","Port de Lagos (Apapa / Tin Can Island), Nigéria",,"FOB Port de Lagos (Apapa / Tin Can), CFR, CIF (sur demande)",100% L/C irrévocable et confirmée à vue OU 40% acompte T/T et 60% contre documents (BL),,Sur cotation commerciale (RFQ) indexée sur les cours du marché international,1 conteneur complet (FCL 20 pieds / env. 19-20 MT),Vrac sec (Loose in container) ou sacs PP de 50 kg,
GAVI Global Resources Ltd,"Agrégateur majeur, Négociant de premier rang et Fournisseur certifié à l'export","10 Baale Street, Ojodu, Lagos, Nigeria",Nigeria,Ojodu,sales@gaviglobal.com, +234 706 495 6005,https://gaviglobal.com/,,,"Commerce international, fourniture de matière premières agricoles",Fleurs d'Hibiscus (Hibiscus Flower),Fleurs séchées / Agro-industrie,Nigeria,"Calices d'hibiscus entiers séchés, Couleur rouge foncé uniforme, Humidité max 12%, Impuretés < 2%.",,"Licence d'exportation officielle NEPC No RN 0003919, Enregistrement CAC corporatif /Certificat de Poids & Qualité (SGS/Intertek), Certificat Phytosanitaire, Certificat d'Origine, COA","Port de Lagos (Apapa / Tin Can Island), Nigéria",,"FOB Port de Lagos (Apapa / Tin Can), CFR, CIF (sur demande)",100% L/C irrévocable et confirmée à vue OU 40% acompte T/T et 60% contre documents (BL),,Sur cotation commerciale (RFQ) indexée sur les cours du marché international,1 conteneur complet (FCL 20 pieds / env. 19-20 MT),Sacs tissés de 25 kg compressés,
GAVI Global Resources Ltd,"Agrégateur majeur, Négociant de premier rang et Fournisseur certifié à l'export","10 Baale Street, Ojodu, Lagos, Nigeria",Nigeria,Ojodu,sales@gaviglobal.com, +234 706 495 6005,https://gaviglobal.com/,,,"Commerce international, fourniture de matière premières agricoles",Beurre de Karité (Shea Butter),Huiles et graisses végétales,Nigeria,"Beurre brut non raffiné ou semi-raffiné, Couleur ivoire, Teneur en acide oléique optimale.",,"Licence d'exportation officielle NEPC No RN 0003919, Enregistrement CAC corporatif /Certificat de Poids & Qualité (SGS/Intertek), Certificat Phytosanitaire, Certificat d'Origine, COA","Port de Lagos (Apapa / Tin Can Island), Nigéria",,"FOB Port de Lagos (Apapa / Tin Can), CFR, CIF (sur demande)",100% L/C irrévocable et confirmée à vue OU 40% acompte T/T et 60% contre documents (BL),,Sur cotation commerciale (RFQ) indexée sur les cours du marché international,1 conteneur complet (FCL 20 pieds / env. 19-20 MT),Cartons avec doublure plastique étanche de 25 kg ou fûts,
GAVI Global Resources Ltd,"Agrégateur majeur, Négociant de premier rang et Fournisseur certifié à l'export","10 Baale Street, Ojodu, Lagos, Nigeria",Nigeria,Ojodu,sales@gaviglobal.com, +234 706 495 6005,https://gaviglobal.com/,,,"Commerce international, fourniture de matière premières agricoles",Maïs (Maize),Céréales,Nigeria,"Maïs séché naturellement, Humidité < 13%, Impuretés < 2%, Sans aflatoxines détectables.",,"Licence d'exportation officielle NEPC No RN 0003919, Enregistrement CAC corporatif /Certificat de Poids & Qualité (SGS/Intertek), Certificat Phytosanitaire, Certificat d'Origine, COA","Port de Lagos (Apapa / Tin Can Island), Nigéria",,"FOB Port de Lagos (Apapa / Tin Can), CFR, CIF (sur demande)",100% L/C irrévocable et confirmée à vue OU 40% acompte T/T et 60% contre documents (BL),,Sur cotation commerciale (RFQ) indexée sur les cours du marché international,1 conteneur complet (FCL 20 pieds / env. 19-20 MT),Sacs PP de 50 kg ou vrac,
Premium Cassava Products Ltd (PCPL),Transformateur,"Voie express Shagamu-Bénin, Ososa – Ijebu, État d’Ogun",Nigeria,Ososa,"PCPL@fmnplc.com, info@fmnplc.com, crm@fmnplc.com"," +234 (0)908 760 0054, +234 (0)705 689-1000",https://premiumcassava.com/,,,Plus grand transformateur industriel de manioc du Nigéria,Tubercules & dérivés / Ingrédient de meunerie,High Quality Cassava Flour (HQCF) - Farine de manioc de haute qualité,"Nigéria (Usine à Ososa, Ogun State)","Farine fine issue de racines de manioc locales, principalement utilisée en incorporation/substitution dans la farine de blé. Sans gluten.",,"Standards de sécurité alimentaire du groupe Flour Mills of Nigeria (FMN) / Conformité aux politiques d'incorporation locales. Certificat d'analyse (COA), documents réglementaires nigérians (NAFDAC/SON) disponibles à l'export","Port de Lagos (Apapa ou Tin Can), Nigéria",,FOB Lagos Port (Apapa / Tin Can Island) ou Ex-Works (Usine Ososa),Lettre de crédit (L/C) ou transferts bancaires selon les politiques commerciales du groupe FMN,,,,Sacs industriels de grande capacité adaptés à l'exportation ou vrac,
Premium Cassava Products Ltd (PCPL),Transformateur,"Voie express Shagamu-Bénin, Ososa – Ijebu, État d’Ogun",Nigeria,Ososa,"PCPL@fmnplc.com, info@fmnplc.com, crm@fmnplc.com"," +234 (0)908 760 0054, +234 (0)705 689-1000",https://premiumcassava.com/,,,Plus grand transformateur industriel de manioc du Nigéria,Tubercules & dérivés / Additifs industriels,Industrial Starch - Amidon industriel de manioc,"Nigéria (Usine à Ososa, Ogun State)","Amidon de manioc répondant aux exigences strictes des industries locales et internationales. Utilisé comme liant/épaississant. Secteurs : Confiserie, cubes de bouillon, papier, emballage.",,"Normes de production industrielle FMN Holdings Limited. Fiche technique du produit, Certificat d'Analyse (COA), Certificats d'exportation standard","Port de Lagos (Apapa / Tin Can), Nigéria",,FOB Lagos Port ou Ex-Works Ososa,Lettre de crédit irrévocable ou virement bancaire sécurisé,,,,Conditionnements de masse conformes aux normes de transport maritime de poudres sèches,
Premium Cassava Products Ltd (PCPL),Transformateur,"Voie express Shagamu-Bénin, Ososa – Ijebu, État d’Ogun",Nigeria,Ososa,"PCPL@fmnplc.com, info@fmnplc.com, crm@fmnplc.com"," +234 (0)908 760 0054, +234 (0)705 689-1000",https://premiumcassava.com/,,,Plus grand transformateur industriel de manioc du Nigéria,Tubercules & dérivés / Alimentation de base,Golden Penny Garri - Semoule de manioc de qualité supérieure,"Nigéria (Usine à Ososa, Ogun State)","Semoule de manioc produite de manière totalement automatisée et hygiénique. Produit sec, croustillant, couleur blanche uniforme. Sans impuretés sablonneuses.",,"Enregistré NAFDAC (Nigéria) pour la sécurité alimentaire de grande consommation. Certificat de conformité sanitaire, Certificat d'Origine, analyses de laboratoire","Port de Lagos (Apapa / Tin Can), Nigéria",,FOB Lagos Port ou Ex-Works Ososa,Paiement sécurisé sur documents ou selon accords commerciaux avec FMN Group,,,,"Sacs emballés hermétiquement disponibles en formats de 5 kg, 1 kg et 150 g",
Empower Farms Ghana Limited Company (EFGLC),,,Ghana,,efgcl.office@gmail.com,  +233 544 315 449,efglorganics.com,,,"Producteur, transformateur à valeur ajoutée et exportateur direct certifié",Oléagineux / Protéagineux,Graines de Soja Biologiques (Organic Soybeans),Ghana,"Graines jaunes premium, Taux de protéines élevé, Saveur propre, Garanti 100% Non-OGM, Sans résidus chimiques, Humidité optimale export",Flux continus issus des programmes de buy-back des coopératives,"EU 848/2018 (Control Union), USDA/NOP, USCOEA (COR), JAS / Certificat d'analyse de laboratoire (Pureté, humidité, aflatoxines), Certificat Phytosanitaire national, Certificat d'Origine",Port de Tema (Ghana),,"FOB Port de Tema, CFR, CIF","Lettre de Crédit (L/C) irrévocable et confirmée à vue, ou Virement bancaire (T/T) avec acompte de sécurité",,Sur cotation commerciale (RFQ) indexée sur les cours du bio,"1 conteneur complet (FCL 20 pieds, ~20-22 tonnes métriques)",Sacks en polypropylène (PP) de 25 kg / 50 kg ou Bulk Containerized Loading (Vrac sécurisé),
Empower Farms Ghana Limited Company (EFGLC),,,Ghana,,efgcl.office@gmail.com,  +233 544 315 449,efglorganics.com,,,"Producteur, transformateur à valeur ajoutée et exportateur direct certifié",Oléagineux / Graines de spécialité,Graines de Sésame Biologiques (Organic Sesame Seeds),Ghana,"Grades : Naturel, Mixte, Sortex Cleaned (trié mécaniquement), Crushing Grade. Teneur élevée en huile, impuretés minimales, arôme riche",Disponibilité continue selon les stocks de la récolte annuelle,"EU 848/2018 (Control Union), USDA/NOP, USCOEA (COR), JAS / Certificat d'analyse (Taux d'huile, humidité), Certificat de calibrage Sortex, Certificat Phytosanitaire, Certificat d'Origine",Port de Tema (Ghana),,"FOB Port de Tema, CFR, CIF","Lettre de Crédit (L/C) irrévocable et confirmée à vue, ou Virement bancaire (T/T) avec acompte de sécurité",,Sur cotation commerciale (RFQ) indexée sur les cours boursiers du sésame,"1 conteneur complet (FCL 20 pieds, ~19-20 tonnes métriques)",Sacs en polypropylène (PP) robustes de 25 kg / 50 kg,
Empower Farms Ghana Limited Company (EFGLC),,,Ghana,,efgcl.office@gmail.com,  +233 544 315 449,efglorganics.com,,,"Producteur, transformateur à valeur ajoutée et exportateur direct certifié",Fruits à coque / Oléagineux,Noix de Cajou Brutes & Amandes Bio (Organic Cashew),Ghana,"RCN : Bien séchées, faible humidité, KOR (Outturn) élevé. Kernels : Calibrées à la main (Grades NW, W240, W320, splits, etc.)",Sourcing saisonnier calqué sur les campagnes de récolte du Ghana,"USDA/NOP, JAS, Rainforest Alliance (RFA), USFDA Compliant / Fiche de rendement KOR (Outturn Quality), Certificat d'analyse microbiologique, Certificat Phytosanitaire, Certificat d'Origine",Port de Tema (Ghana),,"FOB Port de Tema, CFR, CIF","Lettre de Crédit (L/C) irrévocable et confirmée à vue, ou Virement bancaire (T/T) avec acompte de sécurité",,Sur cotation commerciale (RFQ) indexée sur la valeur des amandes,"1 conteneur complet (FCL 20 pieds, ~18-20 tonnes métriques)",RCN : Sacs de jute aérés de 80 kg. Kernels : Sacs Flexi de 20 kg sous cartons d'exportation,
Arieli Limited,,"31, 4th Circular Road, Cantonments, Accra, Ghana",Ghana,Cantonments,contact@foniograin.net / contact@arieli.biz, +233 244 451 829,https://foniograin.net/,,,Fournisseur et transformateur du fonio,Céréales / Grains sans gluten,Fonio Couscous,Ghana,"Sans gluten, riche en protéines, fibres, potassium, vitamines B. Index glycémique bas (<55). Riche en acides aminés (méthionine, cystine, valine, leucine, isoleucine).",,,"Accra, Ghana (Port de Tema implicite)",,"EXW, FOB, CIF",,,,1 conteneur,"Sac en papier triple épaisseur avec doublure polyéthylène, scellé. Poids net : 25 kg. Durée de conservation : 2 ans (Max 25°C, humidité ≤ 60%).",
Arieli Limited,,"31, 4th Circular Road, Cantonments, Accra, Ghana",Ghana,Cantonments,contact@foniograin.net / contact@arieli.biz, +233 244 451 829,https://foniograin.net/,,,Fournisseur et transformateur du fonio,Céréales / Grains sans gluten,Fonio White Flour (Farine blanche),Ghana,"Sans gluten, riche en protéines, fibres, potassium, vitamines B. Index glycémique bas (<55). Riche en acides aminés essentiels.",,,"Accra, Ghana (Port de Tema implicite)",,"EXW, FOB, CIF",,,,1 conteneur,"Sac en papier triple épaisseur avec doublure polyéthylène, scellé. Poids net : 25 kg. Durée de conservation : 2 ans (Max 25°C, humidité ≤ 60%).",
Arieli Limited,,"31, 4th Circular Road, Cantonments, Accra, Ghana",Ghana,Cantonments,contact@foniograin.net / contact@arieli.biz, +233 244 451 829,https://foniograin.net/,,,Fournisseur et transformateur du fonio,Céréales / Grains sans gluten,Fonio Whole Flour (Farine complète),Ghana,"Sans gluten, riche en protéines, fibres, potassium, vitamines B. Index glycémique bas (<55). Riche en acides aminés essentiels.",,,"Accra, Ghana (Port de Tema implicite)",,"EXW, FOB, CIF",,,,1 conteneur,"Sac en papier triple épaisseur avec doublure polyéthylène, scellé. Poids net : 25 kg. Durée de conservation : 2 ans (Max 25°C, humidité ≤ 60%).",